,trade_date,0,close
0,20120104,DR007.IB,4.07
1,20120105,DR007.IB,4.51
2,20120106,DR007.IB,4.31
3,20120109,DR007.IB,4.52
4,20120110,DR007.IB,3.8
5,20120111,DR007.IB,4.0
6,20120112,DR007.IB,4.18
7,20120113,DR007.IB,5.0
8,20120116,DR007.IB,7.0
9,20120117,DR007.IB,7.15
10,20120118,DR007.IB,7.72
11,20120119,DR007.IB,5.98
12,20120120,DR007.IB,5.0
13,20120130,DR007.IB,4.5
14,20120131,DR007.IB,4.33
15,20120201,DR007.IB,4.35
16,20120202,DR007.IB,4.33
17,20120203,DR007.IB,3.35
18,20120206,DR007.IB,3.45
19,20120207,DR007.IB,3.47
20,20120208,DR007.IB,3.72
21,20120209,DR007.IB,3.67
22,20120210,DR007.IB,2.69
23,20120213,DR007.IB,3.65
24,20120214,DR007.IB,3.85
25,20120215,DR007.IB,3.9
26,20120216,DR007.IB,4.3
27,20120217,DR007.IB,5.39
28,20120220,DR007.IB,5.9316
29,20120221,DR007.IB,5.25
30,20120222,DR007.IB,5.1
31,20120223,DR007.IB,5.8
32,20120224,DR007.IB,4.4
33,20120227,DR007.IB,3.66
34,20120228,DR007.IB,3.0
35,20120229,DR007.IB,3.48
36,20120301,DR007.IB,3.4
37,20120302,DR007.IB,3.33
38,20120305,DR007.IB,3.12
39,20120306,DR007.IB,3.29
40,20120307,DR007.IB,2.5
41,20120308,DR007.IB,2.94
42,20120309,DR007.IB,3.0
43,20120312,DR007.IB,2.8
44,20120313,DR007.IB,3.0
45,20120314,DR007.IB,3.0
46,20120315,DR007.IB,3.03
47,20120316,DR007.IB,2.9
48,20120319,DR007.IB,2.75
49,20120320,DR007.IB,3.31
50,20120321,DR007.IB,3.11
51,20120322,DR007.IB,3.18
52,20120323,DR007.IB,3.02
53,20120326,DR007.IB,3.3
54,20120327,DR007.IB,3.31
55,20120328,DR007.IB,3.53
56,20120329,DR007.IB,3.51
57,20120330,DR007.IB,3.8
58,20120405,DR007.IB,4.0
59,20120406,DR007.IB,4.23
60,20120409,DR007.IB,3.75
61,20120410,DR007.IB,3.7
62,20120411,DR007.IB,3.8
63,20120412,DR007.IB,3.8
64,20120413,DR007.IB,3.81
65,20120416,DR007.IB,3.81
66,20120417,DR007.IB,3.76
67,20120418,DR007.IB,4.0
68,20120419,DR007.IB,3.85
69,20120420,DR007.IB,3.95
70,20120423,DR007.IB,3.7863
71,20120424,DR007.IB,3.61
72,20120425,DR007.IB,4.0
73,20120426,DR007.IB,4.0
74,20120427,DR007.IB,3.88
75,20120502,DR007.IB,3.81
76,20120503,DR007.IB,3.06
77,20120504,DR007.IB,3.84
78,20120507,DR007.IB,3.76
79,20120508,DR007.IB,3.76
80,20120509,DR007.IB,3.33
81,20120510,DR007.IB,3.2
82,20120511,DR007.IB,3.19
83,20120514,DR007.IB,3.0
84,20120515,DR007.IB,2.75
85,20120516,DR007.IB,2.79
86,20120517,DR007.IB,2.7
87,20120518,DR007.IB,2.69
88,20120521,DR007.IB,2.67
89,20120522,DR007.IB,2.7
90,20120523,DR007.IB,2.43
91,20120524,DR007.IB,2.23
92,20120525,DR007.IB,2.2
93,20120528,DR007.IB,2.6
94,20120529,DR007.IB,2.58
95,20120530,DR007.IB,2.35
96,20120531,DR007.IB,2.16
97,20120601,DR007.IB,2.4
98,20120604,DR007.IB,2.53
99,20120605,DR007.IB,2.6
100,20120606,DR007.IB,2.64
101,20120607,DR007.IB,2.68
102,20120608,DR007.IB,2.6
103,20120611,DR007.IB,2.4
104,20120612,DR007.IB,2.55
105,20120613,DR007.IB,2.7
106,20120614,DR007.IB,2.7
107,20120615,DR007.IB,2.75
108,20120618,DR007.IB,2.66
109,20120619,DR007.IB,2.98
110,20120620,DR007.IB,3.45
111,20120621,DR007.IB,4.34
112,20120625,DR007.IB,4.2
113,20120626,DR007.IB,4.3
114,20120627,DR007.IB,4.4
115,20120628,DR007.IB,3.93
116,20120629,DR007.IB,4.13
117,20120702,DR007.IB,3.5
118,20120703,DR007.IB,4.1727
119,20120704,DR007.IB,3.97
120,20120705,DR007.IB,3.98
121,20120706,DR007.IB,3.48
122,20120709,DR007.IB,3.376
123,20120710,DR007.IB,3.33
124,20120711,DR007.IB,3.28
125,20120712,DR007.IB,3.25
126,20120713,DR007.IB,3.34
127,20120716,DR007.IB,3.28
128,20120717,DR007.IB,3.28
129,20120718,DR007.IB,3.56
130,20120719,DR007.IB,3.6
131,20120720,DR007.IB,3.58
132,20120723,DR007.IB,3.57
133,20120724,DR007.IB,3.38
134,20120725,DR007.IB,3.35
135,20120726,DR007.IB,3.38
136,20120727,DR007.IB,3.2
137,20120730,DR007.IB,3.14
138,20120731,DR007.IB,3.36
139,20120801,DR007.IB,3.42
140,20120802,DR007.IB,3.49
141,20120803,DR007.IB,3.39
142,20120806,DR007.IB,3.41
143,20120807,DR007.IB,2.65
144,20120808,DR007.IB,2.7
145,20120809,DR007.IB,3.29
146,20120810,DR007.IB,3.3
147,20120813,DR007.IB,3.34
148,20120814,DR007.IB,3.35
149,20120815,DR007.IB,3.37
150,20120816,DR007.IB,3.55
151,20120817,DR007.IB,3.89
152,20120820,DR007.IB,3.6
153,20120821,DR007.IB,4.3
154,20120822,DR007.IB,3.8
155,20120823,DR007.IB,3.8
156,20120824,DR007.IB,3.61
157,20120827,DR007.IB,3.45
158,20120828,DR007.IB,3.38
159,20120829,DR007.IB,3.53
160,20120830,DR007.IB,3.6
161,20120831,DR007.IB,3.53
162,20120903,DR007.IB,3.4472
163,20120904,DR007.IB,2.49
164,20120905,DR007.IB,3.43
165,20120906,DR007.IB,3.41
166,20120907,DR007.IB,3.4
167,20120910,DR007.IB,3.0
168,20120911,DR007.IB,3.0
169,20120912,DR007.IB,3.43
170,20120913,DR007.IB,3.43
171,20120914,DR007.IB,3.36
172,20120917,DR007.IB,3.24
173,20120918,DR007.IB,3.16
174,20120919,DR007.IB,3.43
175,20120920,DR007.IB,3.9
176,20120921,DR007.IB,4.3
177,20120924,DR007.IB,4.49
178,20120925,DR007.IB,4.7
179,20120926,DR007.IB,4.29
180,20120927,DR007.IB,3.9
181,20120928,DR007.IB,3.04
182,20121008,DR007.IB,3.83
183,20121009,DR007.IB,3.76
184,20121010,DR007.IB,3.16
185,20121011,DR007.IB,3.0859
186,20121012,DR007.IB,3.18
187,20121015,DR007.IB,2.82
188,20121016,DR007.IB,2.8
189,20121017,DR007.IB,3.0
190,20121018,DR007.IB,2.69
191,20121019,DR007.IB,2.7
192,20121022,DR007.IB,2.66
193,20121023,DR007.IB,2.93
194,20121024,DR007.IB,3.17
195,20121025,DR007.IB,3.62
196,20121026,DR007.IB,3.72
197,20121029,DR007.IB,4.32
198,20121030,DR007.IB,3.28
199,20121031,DR007.IB,3.23
200,20121101,DR007.IB,3.44
201,20121102,DR007.IB,3.37
202,20121105,DR007.IB,3.0
203,20121106,DR007.IB,3.19
204,20121107,DR007.IB,3.12
205,20121108,DR007.IB,3.28
206,20121109,DR007.IB,3.22
207,20121112,DR007.IB,3.1
208,20121113,DR007.IB,3.16
209,20121114,DR007.IB,3.35
210,20121115,DR007.IB,3.32
211,20121116,DR007.IB,2.9
212,20121119,DR007.IB,3.2
213,20121120,DR007.IB,3.35
214,20121121,DR007.IB,3.2
215,20121122,DR007.IB,3.24
216,20121123,DR007.IB,2.79
217,20121126,DR007.IB,2.88
218,20121127,DR007.IB,2.88
219,20121128,DR007.IB,2.5
220,20121129,DR007.IB,3.29
221,20121130,DR007.IB,3.39
222,20121203,DR007.IB,3.4
223,20121204,DR007.IB,2.88
224,20121205,DR007.IB,2.75
225,20121206,DR007.IB,2.94
226,20121207,DR007.IB,3.04
227,20121210,DR007.IB,3.15
228,20121211,DR007.IB,3.004
229,20121212,DR007.IB,3.01
230,20121213,DR007.IB,2.69
231,20121214,DR007.IB,3.0
232,20121217,DR007.IB,3.03
233,20121218,DR007.IB,3.01
234,20121219,DR007.IB,3.15
235,20121220,DR007.IB,3.48
236,20121221,DR007.IB,3.4194
237,20121224,DR007.IB,3.16
238,20121225,DR007.IB,2.3
239,20121226,DR007.IB,3.9
240,20121227,DR007.IB,4.0
241,20121228,DR007.IB,4.3
242,20121231,DR007.IB,4.58
243,20130104,DR007.IB,4.05
244,20130107,DR007.IB,3.18
245,20130108,DR007.IB,3.0
246,20130109,DR007.IB,2.99
247,20130110,DR007.IB,2.92
248,20130111,DR007.IB,3.07
249,20130114,DR007.IB,3.15
250,20130115,DR007.IB,2.71
251,20130116,DR007.IB,2.7804
252,20130117,DR007.IB,2.75
253,20130118,DR007.IB,2.74
254,20130121,DR007.IB,3.0
255,20130122,DR007.IB,2.98
256,20130123,DR007.IB,2.97
257,20130124,DR007.IB,2.78
258,20130125,DR007.IB,2.7
259,20130128,DR007.IB,3.0
260,20130129,DR007.IB,3.11
261,20130130,DR007.IB,3.2241
262,20130131,DR007.IB,3.24
263,20130201,DR007.IB,3.3321
264,20130204,DR007.IB,3.1
265,20130205,DR007.IB,3.4
266,20130206,DR007.IB,4.0
267,20130207,DR007.IB,4.1
268,20130208,DR007.IB,3.579
269,20130218,DR007.IB,2.78
270,20130219,DR007.IB,2.91
271,20130220,DR007.IB,2.95
272,20130221,DR007.IB,3.0
273,20130222,DR007.IB,3.1
274,20130225,DR007.IB,3.3
275,20130226,DR007.IB,4.1
276,20130227,DR007.IB,4.26
277,20130228,DR007.IB,4.3
278,20130301,DR007.IB,4.43
279,20130304,DR007.IB,4.3
280,20130305,DR007.IB,3.18
281,20130306,DR007.IB,2.99
282,20130307,DR007.IB,2.51
283,20130308,DR007.IB,2.48
284,20130311,DR007.IB,2.99
285,20130312,DR007.IB,3.05
286,20130313,DR007.IB,2.82
287,20130314,DR007.IB,3.1
288,20130315,DR007.IB,2.1
289,20130318,DR007.IB,2.2
290,20130319,DR007.IB,2.97
291,20130320,DR007.IB,3.26
292,20130321,DR007.IB,3.05
293,20130322,DR007.IB,3.0113
294,20130325,DR007.IB,2.92
295,20130326,DR007.IB,3.1
296,20130327,DR007.IB,2.86
297,20130328,DR007.IB,3.18
298,20130329,DR007.IB,3.6
299,20130401,DR007.IB,3.41
300,20130402,DR007.IB,3.45
301,20130403,DR007.IB,3.25
302,20130408,DR007.IB,3.2841
303,20130409,DR007.IB,2.3
304,20130410,DR007.IB,3.22
305,20130411,DR007.IB,2.8
306,20130412,DR007.IB,2.95
307,20130415,DR007.IB,2.96
308,20130416,DR007.IB,3.05
309,20130417,DR007.IB,3.0
310,20130418,DR007.IB,2.31
311,20130419,DR007.IB,3.1
312,20130422,DR007.IB,3.15
313,20130423,DR007.IB,3.64
314,20130424,DR007.IB,4.15
315,20130425,DR007.IB,4.99
316,20130426,DR007.IB,3.8
317,20130502,DR007.IB,2.95
318,20130503,DR007.IB,3.0
319,20130506,DR007.IB,3.21
320,20130507,DR007.IB,3.18
321,20130508,DR007.IB,3.0
322,20130509,DR007.IB,3.11
323,20130510,DR007.IB,3.0
324,20130513,DR007.IB,2.9022
325,20130514,DR007.IB,2.75
326,20130515,DR007.IB,2.77
327,20130516,DR007.IB,3.21
328,20130517,DR007.IB,4.5
329,20130520,DR007.IB,3.0
330,20130521,DR007.IB,4.44
331,20130522,DR007.IB,3.74
332,20130523,DR007.IB,4.2
333,20130524,DR007.IB,4.16
334,20130527,DR007.IB,4.09
335,20130528,DR007.IB,3.5
336,20130529,DR007.IB,3.9
337,20130530,DR007.IB,4.1
338,20130531,DR007.IB,4.78
339,20130603,DR007.IB,4.82
340,20130604,DR007.IB,4.9
341,20130605,DR007.IB,4.9
342,20130606,DR007.IB,5.4
343,20130607,DR007.IB,6.85
344,20130613,DR007.IB,6.38
345,20130614,DR007.IB,6.7
346,20130617,DR007.IB,7.0
347,20130618,DR007.IB,6.82
348,20130619,DR007.IB,8.5
349,20130620,DR007.IB,11.2
350,20130621,DR007.IB,5.5
351,20130624,DR007.IB,7.566
352,20130625,DR007.IB,7.5
353,20130626,DR007.IB,5.8
354,20130627,DR007.IB,6.75
355,20130628,DR007.IB,5.7
356,20130701,DR007.IB,5.45
357,20130702,DR007.IB,4.75
358,20130703,DR007.IB,4.23
359,20130704,DR007.IB,3.95
360,20130705,DR007.IB,3.8
361,20130708,DR007.IB,3.7
362,20130709,DR007.IB,3.6
363,20130710,DR007.IB,3.6
364,20130711,DR007.IB,3.83
365,20130712,DR007.IB,3.81
366,20130715,DR007.IB,3.81
367,20130716,DR007.IB,3.7
368,20130717,DR007.IB,3.56
369,20130718,DR007.IB,3.75
370,20130719,DR007.IB,3.77
371,20130722,DR007.IB,3.8
372,20130723,DR007.IB,4.0
373,20130724,DR007.IB,4.04
374,20130725,DR007.IB,5.4
375,20130726,DR007.IB,4.41
376,20130729,DR007.IB,5.12
377,20130730,DR007.IB,5.0
378,20130731,DR007.IB,4.99
379,20130801,DR007.IB,4.0
380,20130802,DR007.IB,4.33
381,20130805,DR007.IB,4.34
382,20130806,DR007.IB,3.12
383,20130807,DR007.IB,3.89
384,20130808,DR007.IB,3.79
385,20130809,DR007.IB,3.64
386,20130812,DR007.IB,3.68
387,20130813,DR007.IB,3.72
388,20130814,DR007.IB,3.855
389,20130815,DR007.IB,3.99
390,20130816,DR007.IB,3.83
391,20130819,DR007.IB,4.18
392,20130820,DR007.IB,4.47
393,20130821,DR007.IB,4.32
394,20130822,DR007.IB,4.25
395,20130823,DR007.IB,4.18
396,20130826,DR007.IB,2.95
397,20130827,DR007.IB,4.45
398,20130828,DR007.IB,4.29
399,20130829,DR007.IB,4.32
400,20130830,DR007.IB,3.73
401,20130902,DR007.IB,3.75
402,20130903,DR007.IB,3.83
403,20130904,DR007.IB,3.49
404,20130905,DR007.IB,3.47
405,20130906,DR007.IB,3.47
406,20130909,DR007.IB,3.57
407,20130910,DR007.IB,3.63
408,20130911,DR007.IB,3.38
409,20130912,DR007.IB,3.57
410,20130913,DR007.IB,3.59
411,20130916,DR007.IB,3.48
412,20130917,DR007.IB,3.66
413,20130918,DR007.IB,4.15
414,20130923,DR007.IB,4.4
415,20130924,DR007.IB,4.5
416,20130925,DR007.IB,4.03
417,20130926,DR007.IB,4.1
418,20130927,DR007.IB,3.7
419,20130930,DR007.IB,4.25
420,20131008,DR007.IB,4.4
421,20131009,DR007.IB,4.5
422,20131010,DR007.IB,4.69
423,20131011,DR007.IB,4.56
424,20131014,DR007.IB,3.82
425,20131015,DR007.IB,3.86
426,20131016,DR007.IB,3.34
427,20131017,DR007.IB,3.46
428,20131018,DR007.IB,3.5
429,20131021,DR007.IB,3.66
430,20131022,DR007.IB,3.45
431,20131023,DR007.IB,4.05
432,20131024,DR007.IB,4.789
433,20131025,DR007.IB,5.21
434,20131028,DR007.IB,5.6
435,20131029,DR007.IB,5.03
436,20131030,DR007.IB,5.69
437,20131031,DR007.IB,5.05
438,20131101,DR007.IB,4.4
439,20131104,DR007.IB,4.42
440,20131105,DR007.IB,4.24
441,20131106,DR007.IB,3.9
442,20131107,DR007.IB,3.9
443,20131108,DR007.IB,3.95
444,20131111,DR007.IB,3.77
445,20131112,DR007.IB,4.3
446,20131113,DR007.IB,3.74
447,20131114,DR007.IB,4.3
448,20131115,DR007.IB,5.45
449,20131118,DR007.IB,5.94
450,20131119,DR007.IB,4.95
451,20131120,DR007.IB,4.82
452,20131121,DR007.IB,5.4
453,20131122,DR007.IB,5.75
454,20131125,DR007.IB,4.9
455,20131126,DR007.IB,4.76
456,20131127,DR007.IB,4.77
457,20131128,DR007.IB,4.92
458,20131129,DR007.IB,4.72
459,20131202,DR007.IB,4.63
460,20131203,DR007.IB,4.62
461,20131204,DR007.IB,4.58
462,20131205,DR007.IB,4.57
463,20131206,DR007.IB,4.35
464,20131209,DR007.IB,4.5
465,20131210,DR007.IB,4.4
466,20131211,DR007.IB,4.34
467,20131212,DR007.IB,4.31
468,20131213,DR007.IB,4.31
469,20131216,DR007.IB,4.45
470,20131217,DR007.IB,5.5
471,20131218,DR007.IB,6.7
472,20131219,DR007.IB,7.1
473,20131220,DR007.IB,7.6
474,20131223,DR007.IB,8.9
475,20131224,DR007.IB,6.35
476,20131225,DR007.IB,5.5
477,20131226,DR007.IB,5.33
478,20131227,DR007.IB,5.1
479,20131230,DR007.IB,4.93
480,20131231,DR007.IB,5.4
481,20140102,DR007.IB,4.98
482,20140103,DR007.IB,5.0
483,20140106,DR007.IB,4.5
484,20140107,DR007.IB,4.26
485,20140108,DR007.IB,3.44
486,20140109,DR007.IB,3.9
487,20140110,DR007.IB,4.02
488,20140113,DR007.IB,4.02
489,20140114,DR007.IB,3.93
490,20140115,DR007.IB,4.3
491,20140116,DR007.IB,5.2
492,20140117,DR007.IB,5.15
493,20140120,DR007.IB,6.6
494,20140121,DR007.IB,5.55
495,20140122,DR007.IB,5.29
496,20140123,DR007.IB,5.4
497,20140124,DR007.IB,5.01
498,20140127,DR007.IB,4.96
499,20140128,DR007.IB,5.05
500,20140129,DR007.IB,5.35
501,20140130,DR007.IB,5.1
502,20140207,DR007.IB,5.43
503,20140210,DR007.IB,5.3
504,20140211,DR007.IB,5.2
505,20140212,DR007.IB,5.2
506,20140213,DR007.IB,4.5
507,20140214,DR007.IB,4.36
508,20140217,DR007.IB,3.74
509,20140218,DR007.IB,5.0
510,20140219,DR007.IB,4.0
511,20140220,DR007.IB,3.7
512,20140221,DR007.IB,3.0
513,20140224,DR007.IB,3.27
514,20140225,DR007.IB,3.0
515,20140226,DR007.IB,3.09
516,20140227,DR007.IB,3.44
517,20140228,DR007.IB,2.7
518,20140303,DR007.IB,2.4
519,20140304,DR007.IB,3.0
520,20140305,DR007.IB,3.78
521,20140306,DR007.IB,2.49
522,20140307,DR007.IB,2.42
523,20140310,DR007.IB,2.3
524,20140311,DR007.IB,2.46
525,20140312,DR007.IB,2.42
526,20140313,DR007.IB,2.55
527,20140314,DR007.IB,2.6
528,20140317,DR007.IB,2.67
529,20140318,DR007.IB,2.9
530,20140319,DR007.IB,3.42
531,20140320,DR007.IB,3.9
532,20140321,DR007.IB,3.57
533,20140324,DR007.IB,3.58
534,20140325,DR007.IB,3.61
535,20140326,DR007.IB,3.89
536,20140327,DR007.IB,4.83
537,20140328,DR007.IB,4.22
538,20140331,DR007.IB,4.19
539,20140401,DR007.IB,4.22
540,20140402,DR007.IB,4.21
541,20140403,DR007.IB,4.09
542,20140404,DR007.IB,3.02
543,20140408,DR007.IB,3.56
544,20140409,DR007.IB,3.68
545,20140410,DR007.IB,3.69
546,20140411,DR007.IB,4.05
547,20140414,DR007.IB,3.53
548,20140415,DR007.IB,3.43
549,20140416,DR007.IB,2.73
550,20140417,DR007.IB,2.94
551,20140418,DR007.IB,2.0
552,20140421,DR007.IB,2.7
553,20140422,DR007.IB,3.07
554,20140423,DR007.IB,3.1
555,20140424,DR007.IB,3.53
556,20140425,DR007.IB,3.51
557,20140428,DR007.IB,4.0
558,20140429,DR007.IB,4.0
559,20140430,DR007.IB,4.08
560,20140505,DR007.IB,2.36
561,20140506,DR007.IB,3.1
562,20140507,DR007.IB,3.1
563,20140508,DR007.IB,3.21
564,20140509,DR007.IB,3.18
565,20140512,DR007.IB,3.2
566,20140513,DR007.IB,3.18
567,20140514,DR007.IB,3.2
568,20140515,DR007.IB,3.15
569,20140516,DR007.IB,3.4
570,20140519,DR007.IB,3.1
571,20140520,DR007.IB,3.37
572,20140521,DR007.IB,3.35
573,20140522,DR007.IB,3.41
574,20140523,DR007.IB,2.22
575,20140526,DR007.IB,2.6
576,20140527,DR007.IB,2.55
577,20140528,DR007.IB,3.2
578,20140529,DR007.IB,3.24
579,20140530,DR007.IB,3.3
580,20140603,DR007.IB,3.18
581,20140604,DR007.IB,3.15
582,20140605,DR007.IB,2.8
583,20140606,DR007.IB,2.9
584,20140609,DR007.IB,3.13
585,20140610,DR007.IB,3.13
586,20140611,DR007.IB,3.1
587,20140612,DR007.IB,3.16
588,20140613,DR007.IB,3.02
589,20140616,DR007.IB,3.02
590,20140617,DR007.IB,3.1
591,20140618,DR007.IB,3.09
592,20140619,DR007.IB,3.3
593,20140620,DR007.IB,3.49
594,20140623,DR007.IB,3.47
595,20140624,DR007.IB,3.52
596,20140625,DR007.IB,3.47
597,20140626,DR007.IB,3.65
598,20140627,DR007.IB,3.64
599,20140630,DR007.IB,4.7
600,20140701,DR007.IB,3.43
601,20140702,DR007.IB,3.92
602,20140703,DR007.IB,3.42
603,20140704,DR007.IB,3.37
604,20140707,DR007.IB,3.47
605,20140708,DR007.IB,3.56
606,20140709,DR007.IB,3.77
607,20140710,DR007.IB,4.0
608,20140711,DR007.IB,3.76
609,20140714,DR007.IB,3.78
610,20140715,DR007.IB,3.71
611,20140716,DR007.IB,3.48
612,20140717,DR007.IB,4.0
613,20140718,DR007.IB,3.75
614,20140721,DR007.IB,4.0
615,20140722,DR007.IB,5.1
616,20140723,DR007.IB,4.6
617,20140724,DR007.IB,4.16
618,20140725,DR007.IB,4.12
619,20140728,DR007.IB,4.23
620,20140729,DR007.IB,4.15
621,20140730,DR007.IB,3.97
622,20140731,DR007.IB,4.12
623,20140801,DR007.IB,3.87
624,20140804,DR007.IB,3.38
625,20140805,DR007.IB,3.94
626,20140806,DR007.IB,3.27
627,20140807,DR007.IB,3.5
628,20140808,DR007.IB,3.73
629,20140811,DR007.IB,3.55
630,20140812,DR007.IB,3.39
631,20140813,DR007.IB,3.7
632,20140814,DR007.IB,3.52
633,20140815,DR007.IB,3.53
634,20140818,DR007.IB,3.25
635,20140819,DR007.IB,3.28
636,20140820,DR007.IB,3.42
637,20140821,DR007.IB,3.5
638,20140822,DR007.IB,3.45
639,20140825,DR007.IB,3.36
640,20140826,DR007.IB,3.35
641,20140827,DR007.IB,3.9
642,20140828,DR007.IB,3.72
643,20140829,DR007.IB,3.66
644,20140901,DR007.IB,3.51
645,20140902,DR007.IB,3.77
646,20140903,DR007.IB,3.29
647,20140904,DR007.IB,3.29
648,20140905,DR007.IB,2.82
649,20140909,DR007.IB,3.16
650,20140910,DR007.IB,4.0
651,20140911,DR007.IB,4.0
652,20140912,DR007.IB,3.26
653,20140915,DR007.IB,3.8
654,20140916,DR007.IB,3.62
655,20140917,DR007.IB,3.28
656,20140918,DR007.IB,3.38
657,20140919,DR007.IB,3.34
658,20140922,DR007.IB,3.22
659,20140923,DR007.IB,3.2
660,20140924,DR007.IB,3.8
661,20140925,DR007.IB,3.5
662,20140926,DR007.IB,3.6
663,20140929,DR007.IB,2.9
664,20140930,DR007.IB,2.91
665,20141008,DR007.IB,3.4
666,20141009,DR007.IB,3.01
667,20141010,DR007.IB,3.1
668,20141013,DR007.IB,3.06
669,20141014,DR007.IB,3.2
670,20141015,DR007.IB,3.16
671,20141016,DR007.IB,3.02
672,20141017,DR007.IB,3.3
673,20141020,DR007.IB,3.0
674,20141021,DR007.IB,2.95
675,20141022,DR007.IB,2.5
676,20141023,DR007.IB,3.06
677,20141024,DR007.IB,3.1
678,20141027,DR007.IB,3.09
679,20141028,DR007.IB,2.92
680,20141029,DR007.IB,3.85
681,20141030,DR007.IB,3.28
682,20141031,DR007.IB,3.5
683,20141103,DR007.IB,3.2
684,20141104,DR007.IB,3.22
685,20141105,DR007.IB,3.2
686,20141106,DR007.IB,3.55
687,20141107,DR007.IB,3.78
688,20141110,DR007.IB,3.15
689,20141111,DR007.IB,3.12
690,20141112,DR007.IB,3.5
691,20141113,DR007.IB,3.14
692,20141114,DR007.IB,3.12
693,20141117,DR007.IB,3.1
694,20141118,DR007.IB,3.1
695,20141119,DR007.IB,3.2
696,20141120,DR007.IB,3.28
697,20141121,DR007.IB,4.2
698,20141124,DR007.IB,3.5
699,20141125,DR007.IB,4.0
700,20141126,DR007.IB,3.32
701,20141127,DR007.IB,4.0
702,20141128,DR007.IB,3.48
703,20141201,DR007.IB,3.34
704,20141202,DR007.IB,3.6
705,20141203,DR007.IB,3.41
706,20141204,DR007.IB,3.46
707,20141205,DR007.IB,3.5
708,20141208,DR007.IB,3.7
709,20141209,DR007.IB,4.9
710,20141210,DR007.IB,3.56
711,20141211,DR007.IB,5.8
712,20141212,DR007.IB,4.1
713,20141215,DR007.IB,3.68
714,20141216,DR007.IB,5.0
715,20141217,DR007.IB,4.03
716,20141218,DR007.IB,5.61
717,20141219,DR007.IB,6.1
718,20141222,DR007.IB,6.5
719,20141223,DR007.IB,3.8
720,20141224,DR007.IB,5.06
721,20141225,DR007.IB,4.5
722,20141226,DR007.IB,4.2
723,20141229,DR007.IB,4.64
724,20141230,DR007.IB,4.75
725,20141231,DR007.IB,5.07
726,20150105,DR007.IB,4.33
727,20150106,DR007.IB,3.93
728,20150107,DR007.IB,3.86
729,20150108,DR007.IB,3.74
730,20150109,DR007.IB,3.7553
731,20150112,DR007.IB,3.81
732,20150113,DR007.IB,3.85
733,20150114,DR007.IB,3.85
734,20150115,DR007.IB,3.2
735,20150116,DR007.IB,3.88
736,20150119,DR007.IB,4.0
737,20150120,DR007.IB,5.0
738,20150121,DR007.IB,3.5
739,20150122,DR007.IB,4.38
740,20150123,DR007.IB,3.91
741,20150126,DR007.IB,3.89
742,20150127,DR007.IB,4.3
743,20150128,DR007.IB,3.9
744,20150129,DR007.IB,4.16
745,20150130,DR007.IB,2.84
746,20150202,DR007.IB,4.4
747,20150203,DR007.IB,4.9
748,20150204,DR007.IB,4.6
749,20150205,DR007.IB,4.44
750,20150206,DR007.IB,4.38
751,20150209,DR007.IB,4.4
752,20150210,DR007.IB,4.4
753,20150211,DR007.IB,4.61
754,20150212,DR007.IB,5.0
755,20150213,DR007.IB,4.91
756,20150216,DR007.IB,4.95
757,20150217,DR007.IB,4.83
758,20150225,DR007.IB,5.07
759,20150226,DR007.IB,4.73
760,20150227,DR007.IB,5.2
761,20150302,DR007.IB,4.82
762,20150303,DR007.IB,4.2
763,20150304,DR007.IB,4.75
764,20150305,DR007.IB,4.79
765,20150306,DR007.IB,4.6
766,20150309,DR007.IB,4.85
767,20150310,DR007.IB,4.75
768,20150311,DR007.IB,4.95
769,20150312,DR007.IB,4.76
770,20150313,DR007.IB,4.72
771,20150316,DR007.IB,4.61
772,20150317,DR007.IB,4.64
773,20150318,DR007.IB,4.59
774,20150319,DR007.IB,4.41
775,20150320,DR007.IB,4.32
776,20150323,DR007.IB,3.5
777,20150324,DR007.IB,3.99
778,20150325,DR007.IB,3.94
779,20150326,DR007.IB,4.3
780,20150327,DR007.IB,4.08
781,20150330,DR007.IB,4.2
782,20150331,DR007.IB,3.82
783,20150401,DR007.IB,3.76
784,20150402,DR007.IB,3.61
785,20150403,DR007.IB,3.43
786,20150407,DR007.IB,3.34
787,20150408,DR007.IB,3.2
788,20150409,DR007.IB,3.0
789,20150410,DR007.IB,2.91
790,20150413,DR007.IB,3.28
791,20150414,DR007.IB,2.9
792,20150415,DR007.IB,2.99
793,20150416,DR007.IB,2.98
794,20150417,DR007.IB,2.92
795,20150420,DR007.IB,2.79
796,20150421,DR007.IB,2.64
797,20150422,DR007.IB,2.6
798,20150423,DR007.IB,2.54
799,20150424,DR007.IB,2.47
800,20150427,DR007.IB,2.4
801,20150428,DR007.IB,2.48
802,20150429,DR007.IB,2.43
803,20150430,DR007.IB,1.61
804,20150504,DR007.IB,2.44
805,20150505,DR007.IB,2.47
806,20150506,DR007.IB,2.8
807,20150507,DR007.IB,2.4
808,20150508,DR007.IB,2.28
809,20150511,DR007.IB,2.21
810,20150512,DR007.IB,2.14
811,20150513,DR007.IB,2.09
812,20150514,DR007.IB,2.4
813,20150515,DR007.IB,1.9
814,20150518,DR007.IB,1.91
815,20150519,DR007.IB,1.97
816,20150520,DR007.IB,2.0
817,20150521,DR007.IB,2.02
818,20150522,DR007.IB,1.95
819,20150525,DR007.IB,2.2
820,20150526,DR007.IB,2.2
821,20150527,DR007.IB,1.95
822,20150528,DR007.IB,2.1
823,20150529,DR007.IB,1.94
824,20150601,DR007.IB,2.01
825,20150602,DR007.IB,2.3
826,20150603,DR007.IB,2.25
827,20150604,DR007.IB,2.16
828,20150605,DR007.IB,2.15
829,20150608,DR007.IB,2.06
830,20150609,DR007.IB,2.05
831,20150610,DR007.IB,2.05
832,20150611,DR007.IB,2.14
833,20150612,DR007.IB,2.1
834,20150615,DR007.IB,2.17
835,20150616,DR007.IB,2.85
836,20150617,DR007.IB,2.46
837,20150618,DR007.IB,3.5
838,20150619,DR007.IB,2.86
839,20150623,DR007.IB,2.8
840,20150624,DR007.IB,3.1
841,20150625,DR007.IB,3.11
842,20150626,DR007.IB,1.5
843,20150629,DR007.IB,2.84
844,20150630,DR007.IB,3.3
845,20150701,DR007.IB,2.8
846,20150702,DR007.IB,2.9
847,20150703,DR007.IB,2.94
848,20150706,DR007.IB,2.61
849,20150707,DR007.IB,2.6
850,20150708,DR007.IB,2.57
851,20150709,DR007.IB,2.56
852,20150710,DR007.IB,2.55
853,20150713,DR007.IB,2.53
854,20150714,DR007.IB,2.65
855,20150715,DR007.IB,2.46
856,20150716,DR007.IB,2.33
857,20150717,DR007.IB,2.4
858,20150720,DR007.IB,2.8
859,20150721,DR007.IB,2.44
860,20150722,DR007.IB,2.53
861,20150723,DR007.IB,2.6
862,20150724,DR007.IB,2.52
863,20150727,DR007.IB,2.0
864,20150728,DR007.IB,1.8
865,20150729,DR007.IB,2.46
866,20150730,DR007.IB,2.47
867,20150731,DR007.IB,2.48
868,20150803,DR007.IB,2.47
869,20150804,DR007.IB,2.43
870,20150805,DR007.IB,2.3
871,20150806,DR007.IB,2.3
872,20150807,DR007.IB,2.44
873,20150810,DR007.IB,2.0
874,20150811,DR007.IB,2.4
875,20150812,DR007.IB,2.44
876,20150813,DR007.IB,2.48
877,20150814,DR007.IB,1.65
878,20150817,DR007.IB,2.6
879,20150818,DR007.IB,2.52
880,20150819,DR007.IB,2.7
881,20150820,DR007.IB,2.2
882,20150821,DR007.IB,2.55
883,20150824,DR007.IB,2.85
884,20150825,DR007.IB,2.56
885,20150826,DR007.IB,2.3
886,20150827,DR007.IB,2.37
887,20150828,DR007.IB,2.4
888,20150831,DR007.IB,2.7
889,20150901,DR007.IB,2.43
890,20150902,DR007.IB,2.46
891,20150907,DR007.IB,2.2
892,20150908,DR007.IB,2.44
893,20150909,DR007.IB,2.4
894,20150910,DR007.IB,2.3
895,20150911,DR007.IB,2.38
896,20150914,DR007.IB,2.38
897,20150915,DR007.IB,2.5
898,20150916,DR007.IB,2.41
899,20150917,DR007.IB,2.4
900,20150918,DR007.IB,2.42
901,20150921,DR007.IB,2.25
902,20150922,DR007.IB,2.4
903,20150923,DR007.IB,2.38
904,20150924,DR007.IB,3.2
905,20150925,DR007.IB,2.37
906,20150928,DR007.IB,2.13
907,20150929,DR007.IB,2.4
908,20150930,DR007.IB,2.39
909,20151008,DR007.IB,1.95
910,20151009,DR007.IB,2.49
911,20151012,DR007.IB,2.42
912,20151013,DR007.IB,2.25
913,20151014,DR007.IB,2.5
914,20151015,DR007.IB,2.45
915,20151016,DR007.IB,2.43
916,20151019,DR007.IB,2.43
917,20151020,DR007.IB,2.43
918,20151021,DR007.IB,2.1
919,20151022,DR007.IB,2.38
920,20151023,DR007.IB,2.45
921,20151026,DR007.IB,2.36
922,20151027,DR007.IB,2.27
923,20151028,DR007.IB,2.34
924,20151029,DR007.IB,2.4
925,20151030,DR007.IB,2.36
926,20151102,DR007.IB,2.3
927,20151103,DR007.IB,2.44
928,20151104,DR007.IB,2.38
929,20151105,DR007.IB,2.3
930,20151106,DR007.IB,2.35
931,20151109,DR007.IB,2.33
932,20151110,DR007.IB,2.36
933,20151111,DR007.IB,2.27
934,20151112,DR007.IB,2.35
935,20151113,DR007.IB,2.34
936,20151116,DR007.IB,2.35
937,20151117,DR007.IB,2.36
938,20151118,DR007.IB,2.3
939,20151119,DR007.IB,2.3
940,20151120,DR007.IB,2.32
941,20151123,DR007.IB,2.33
942,20151124,DR007.IB,2.33
943,20151125,DR007.IB,2.45
944,20151126,DR007.IB,2.42
945,20151127,DR007.IB,1.8
946,20151130,DR007.IB,2.6
947,20151201,DR007.IB,2.44
948,20151202,DR007.IB,2.1
949,20151203,DR007.IB,2.37
950,20151204,DR007.IB,2.32
951,20151207,DR007.IB,2.55
952,20151208,DR007.IB,2.39
953,20151209,DR007.IB,2.28
954,20151210,DR007.IB,2.46
955,20151211,DR007.IB,2.4
956,20151214,DR007.IB,2.43
957,20151215,DR007.IB,1.9
958,20151216,DR007.IB,2.42
959,20151217,DR007.IB,2.5
960,20151218,DR007.IB,2.45
961,20151221,DR007.IB,2.39
962,20151222,DR007.IB,2.46
963,20151223,DR007.IB,2.41
964,20151224,DR007.IB,2.35
965,20151225,DR007.IB,2.3
966,20151228,DR007.IB,2.58
967,20151229,DR007.IB,2.42
968,20151230,DR007.IB,2.62
969,20151231,DR007.IB,2.8
970,20160104,DR007.IB,2.5
971,20160105,DR007.IB,2.32
972,20160106,DR007.IB,2.1
973,20160107,DR007.IB,2.43
974,20160108,DR007.IB,2.31
975,20160111,DR007.IB,2.41
976,20160112,DR007.IB,2.39
977,20160113,DR007.IB,2.24
978,20160114,DR007.IB,2.35
979,20160115,DR007.IB,2.6
980,20160118,DR007.IB,3.8
981,20160119,DR007.IB,2.7
982,20160120,DR007.IB,3.2
983,20160121,DR007.IB,2.48
984,20160122,DR007.IB,2.62
985,20160125,DR007.IB,2.25
986,20160126,DR007.IB,2.36
987,20160127,DR007.IB,2.08
988,20160128,DR007.IB,2.2
989,20160129,DR007.IB,2.3
990,20160201,DR007.IB,2.45
991,20160202,DR007.IB,2.49
992,20160203,DR007.IB,2.5
993,20160204,DR007.IB,2.51
994,20160205,DR007.IB,2.37
995,20160215,DR007.IB,2.15
996,20160216,DR007.IB,2.44
997,20160217,DR007.IB,2.3791
998,20160218,DR007.IB,2.15
999,20160219,DR007.IB,2.22
1000,20160222,DR007.IB,2.27
1001,20160223,DR007.IB,2.25
1002,20160224,DR007.IB,2.4
1003,20160225,DR007.IB,2.47
1004,20160226,DR007.IB,2.4
1005,20160229,DR007.IB,2.3
1006,20160301,DR007.IB,2.42
1007,20160302,DR007.IB,2.25
1008,20160303,DR007.IB,2.25
1009,20160304,DR007.IB,2.25
1010,20160307,DR007.IB,2.25
1011,20160308,DR007.IB,2.24
1012,20160309,DR007.IB,2.0
1013,20160310,DR007.IB,2.23
1014,20160311,DR007.IB,2.22
1015,20160314,DR007.IB,2.25
1016,20160315,DR007.IB,2.25
1017,20160316,DR007.IB,2.39
1018,20160317,DR007.IB,2.5
1019,20160318,DR007.IB,2.51
1020,20160321,DR007.IB,2.59
1021,20160322,DR007.IB,2.5
1022,20160323,DR007.IB,2.41
1023,20160324,DR007.IB,2.45
1024,20160325,DR007.IB,2.44
1025,20160328,DR007.IB,2.7
1026,20160329,DR007.IB,2.7
1027,20160330,DR007.IB,2.9
1028,20160331,DR007.IB,2.9
1029,20160401,DR007.IB,2.32
1030,20160405,DR007.IB,2.4
1031,20160406,DR007.IB,2.25
1032,20160407,DR007.IB,2.25
1033,20160408,DR007.IB,2.0
1034,20160411,DR007.IB,2.28
1035,20160412,DR007.IB,2.43
1036,20160413,DR007.IB,2.4
1037,20160414,DR007.IB,2.3
1038,20160415,DR007.IB,2.3
1039,20160418,DR007.IB,2.32
1040,20160419,DR007.IB,2.14
1041,20160420,DR007.IB,2.42
1042,20160421,DR007.IB,2.55
1043,20160422,DR007.IB,2.6
1044,20160425,DR007.IB,2.3
1045,20160426,DR007.IB,2.6
1046,20160427,DR007.IB,2.51
1047,20160428,DR007.IB,2.63
1048,20160429,DR007.IB,2.25
1049,20160503,DR007.IB,2.33
1050,20160504,DR007.IB,2.45
1051,20160505,DR007.IB,2.6
1052,20160506,DR007.IB,2.43
1053,20160509,DR007.IB,2.05
1054,20160510,DR007.IB,2.35
1055,20160511,DR007.IB,2.1
1056,20160512,DR007.IB,2.1
1057,20160513,DR007.IB,2.45
1058,20160516,DR007.IB,2.44
1059,20160517,DR007.IB,2.4
1060,20160518,DR007.IB,2.55
1061,20160519,DR007.IB,2.3
1062,20160520,DR007.IB,2.28
1063,20160523,DR007.IB,2.25
1064,20160524,DR007.IB,2.1
1065,20160525,DR007.IB,2.25
1066,20160526,DR007.IB,2.5
1067,20160527,DR007.IB,2.0
1068,20160530,DR007.IB,2.55
1069,20160531,DR007.IB,2.4
1070,20160601,DR007.IB,2.4
1071,20160602,DR007.IB,2.25
1072,20160603,DR007.IB,2.37
1073,20160606,DR007.IB,2.1
1074,20160607,DR007.IB,2.27
1075,20160608,DR007.IB,2.26
1076,20160613,DR007.IB,2.35
1077,20160614,DR007.IB,2.35
1078,20160615,DR007.IB,2.25
1079,20160616,DR007.IB,2.29
1080,20160617,DR007.IB,2.25
1081,20160620,DR007.IB,2.29
1082,20160621,DR007.IB,2.3
1083,20160622,DR007.IB,2.3
1084,20160623,DR007.IB,2.38
1085,20160624,DR007.IB,2.6
1086,20160627,DR007.IB,2.46
1087,20160628,DR007.IB,2.95
1088,20160629,DR007.IB,2.8
1089,20160630,DR007.IB,2.25
1090,20160701,DR007.IB,2.37
1091,20160704,DR007.IB,2.3
1092,20160705,DR007.IB,2.36
1093,20160706,DR007.IB,2.3
1094,20160707,DR007.IB,2.29
1095,20160708,DR007.IB,2.1
1096,20160711,DR007.IB,2.2
1097,20160712,DR007.IB,2.2
1098,20160713,DR007.IB,2.2
1099,20160714,DR007.IB,2.41
1100,20160715,DR007.IB,2.25
1101,20160718,DR007.IB,2.35
1102,20160719,DR007.IB,2.43
1103,20160720,DR007.IB,2.46
1104,20160721,DR007.IB,2.46
1105,20160722,DR007.IB,2.45
1106,20160725,DR007.IB,2.66
1107,20160726,DR007.IB,3.0
1108,20160727,DR007.IB,2.5
1109,20160728,DR007.IB,2.25
1110,20160729,DR007.IB,2.0
1111,20160801,DR007.IB,2.42
1112,20160802,DR007.IB,2.25
1113,20160803,DR007.IB,2.25
1114,20160804,DR007.IB,2.34
1115,20160805,DR007.IB,2.32
1116,20160808,DR007.IB,2.35
1117,20160809,DR007.IB,2.45
1118,20160810,DR007.IB,2.53
1119,20160811,DR007.IB,2.9
1120,20160812,DR007.IB,2.4
1121,20160815,DR007.IB,2.39
1122,20160816,DR007.IB,2.43
1123,20160817,DR007.IB,2.46
1124,20160818,DR007.IB,2.5
1125,20160819,DR007.IB,2.05
1126,20160822,DR007.IB,2.47
1127,20160823,DR007.IB,3.24
1128,20160824,DR007.IB,2.5
1129,20160825,DR007.IB,2.73
1130,20160826,DR007.IB,2.4
1131,20160829,DR007.IB,2.4
1132,20160830,DR007.IB,2.45
1133,20160831,DR007.IB,2.35
1134,20160901,DR007.IB,2.1
1135,20160902,DR007.IB,2.4
1136,20160905,DR007.IB,2.3
1137,20160906,DR007.IB,2.3
1138,20160907,DR007.IB,2.3
1139,20160908,DR007.IB,2.28
1140,20160909,DR007.IB,2.5
1141,20160912,DR007.IB,2.41
1142,20160913,DR007.IB,2.6
1143,20160914,DR007.IB,2.9
1144,20160919,DR007.IB,2.9
1145,20160920,DR007.IB,2.25
1146,20160921,DR007.IB,2.6
1147,20160922,DR007.IB,2.4
1148,20160923,DR007.IB,2.42
1149,20160926,DR007.IB,2.5
1150,20160927,DR007.IB,2.75
1151,20160928,DR007.IB,2.9
1152,20160929,DR007.IB,2.7
1153,20160930,DR007.IB,2.58
1154,20161010,DR007.IB,2.27
1155,20161011,DR007.IB,2.09
1156,20161012,DR007.IB,2.35
1157,20161013,DR007.IB,2.31
1158,20161014,DR007.IB,2.4
1159,20161017,DR007.IB,2.36
1160,20161018,DR007.IB,2.75
1161,20161019,DR007.IB,2.95
1162,20161020,DR007.IB,3.2
1163,20161021,DR007.IB,2.2
1164,20161024,DR007.IB,2.85
1165,20161025,DR007.IB,2.55
1166,20161026,DR007.IB,2.9
1167,20161027,DR007.IB,3.0
1168,20161028,DR007.IB,2.5
1169,20161031,DR007.IB,2.8
1170,20161101,DR007.IB,2.49
1171,20161102,DR007.IB,2.3
1172,20161103,DR007.IB,2.2
1173,20161104,DR007.IB,2.3
1174,20161107,DR007.IB,2.35
1175,20161108,DR007.IB,2.3
1176,20161109,DR007.IB,2.6
1177,20161110,DR007.IB,2.65
1178,20161111,DR007.IB,2.42
1179,20161114,DR007.IB,2.6
1180,20161115,DR007.IB,3.2
1181,20161116,DR007.IB,2.56
1182,20161117,DR007.IB,2.7
1183,20161118,DR007.IB,2.7
1184,20161121,DR007.IB,2.5
1185,20161122,DR007.IB,3.0
1186,20161123,DR007.IB,2.5
1187,20161124,DR007.IB,2.55
1188,20161125,DR007.IB,2.7
1189,20161128,DR007.IB,2.7
1190,20161129,DR007.IB,3.24
1191,20161130,DR007.IB,2.5
1192,20161201,DR007.IB,2.65
1193,20161202,DR007.IB,2.45
1194,20161205,DR007.IB,2.35
1195,20161206,DR007.IB,2.3
1196,20161207,DR007.IB,2.38
1197,20161208,DR007.IB,2.4
1198,20161209,DR007.IB,2.55
1199,20161212,DR007.IB,2.5
1200,20161213,DR007.IB,2.4
1201,20161214,DR007.IB,3.2
1202,20161215,DR007.IB,3.24
1203,20161216,DR007.IB,3.24
1204,20161219,DR007.IB,2.6
1205,20161220,DR007.IB,2.55
1206,20161221,DR007.IB,2.48
1207,20161222,DR007.IB,2.54
1208,20161223,DR007.IB,2.45
1209,20161226,DR007.IB,2.47
1210,20161227,DR007.IB,2.25
1211,20161228,DR007.IB,2.4
1212,20161229,DR007.IB,2.7
1213,20161230,DR007.IB,2.6
1214,20170103,DR007.IB,2.66
1215,20170104,DR007.IB,2.8
1216,20170105,DR007.IB,2.33
1217,20170106,DR007.IB,1.9
1218,20170109,DR007.IB,2.3
1219,20170110,DR007.IB,2.35
1220,20170111,DR007.IB,2.5
1221,20170112,DR007.IB,2.32
1222,20170113,DR007.IB,2.3
1223,20170116,DR007.IB,3.2
1224,20170117,DR007.IB,2.43
1225,20170118,DR007.IB,3.24
1226,20170119,DR007.IB,3.0
1227,20170120,DR007.IB,2.5
1228,20170123,DR007.IB,2.45
1229,20170124,DR007.IB,3.249
1230,20170125,DR007.IB,3.24
1231,20170126,DR007.IB,2.64
1232,20170203,DR007.IB,2.55
1233,20170206,DR007.IB,2.65
1234,20170207,DR007.IB,2.3
1235,20170208,DR007.IB,2.65
1236,20170209,DR007.IB,2.6
1237,20170210,DR007.IB,2.38
1238,20170213,DR007.IB,3.0
1239,20170214,DR007.IB,3.25
1240,20170215,DR007.IB,2.3
1241,20170216,DR007.IB,3.34
1242,20170217,DR007.IB,3.2
1243,20170220,DR007.IB,3.3
1244,20170221,DR007.IB,2.78
1245,20170222,DR007.IB,3.34
1246,20170223,DR007.IB,3.1
1247,20170224,DR007.IB,3.0
1248,20170227,DR007.IB,3.2
1249,20170228,DR007.IB,3.3
1250,20170301,DR007.IB,2.6
1251,20170302,DR007.IB,2.43
1252,20170303,DR007.IB,2.5
1253,20170306,DR007.IB,2.8
1254,20170307,DR007.IB,3.0
1255,20170308,DR007.IB,2.6235
1256,20170309,DR007.IB,2.73
1257,20170310,DR007.IB,2.53
1258,20170313,DR007.IB,2.81
1259,20170314,DR007.IB,3.01
1260,20170315,DR007.IB,3.1
1261,20170316,DR007.IB,3.34
1262,20170317,DR007.IB,3.44
1263,20170320,DR007.IB,3.3
1264,20170321,DR007.IB,5.5
1265,20170322,DR007.IB,3.44
1266,20170323,DR007.IB,3.3
1267,20170324,DR007.IB,2.85
1268,20170327,DR007.IB,2.7
1269,20170328,DR007.IB,2.95
1270,20170329,DR007.IB,3.44
1271,20170330,DR007.IB,2.83
1272,20170331,DR007.IB,3.17
1273,20170405,DR007.IB,3.2
1274,20170406,DR007.IB,2.8
1275,20170407,DR007.IB,2.8
1276,20170410,DR007.IB,2.6
1277,20170411,DR007.IB,2.58
1278,20170412,DR007.IB,2.34
1279,20170413,DR007.IB,2.65
1280,20170414,DR007.IB,2.4
1281,20170417,DR007.IB,3.4
1282,20170418,DR007.IB,3.448
1283,20170419,DR007.IB,2.7
1284,20170420,DR007.IB,3.44
1285,20170421,DR007.IB,3.29
1286,20170424,DR007.IB,3.4
1287,20170425,DR007.IB,4.0
1288,20170426,DR007.IB,3.29
1289,20170427,DR007.IB,3.44
1290,20170428,DR007.IB,3.44
1291,20170502,DR007.IB,3.2
1292,20170503,DR007.IB,3.44
1293,20170504,DR007.IB,3.2
1294,20170505,DR007.IB,3.1
1295,20170508,DR007.IB,3.3
1296,20170509,DR007.IB,3.2
1297,20170510,DR007.IB,3.44
1298,20170511,DR007.IB,2.85
1299,20170512,DR007.IB,2.6
1300,20170515,DR007.IB,2.8
1301,20170516,DR007.IB,3.44
1302,20170517,DR007.IB,2.95
1303,20170518,DR007.IB,2.8
1304,20170519,DR007.IB,2.95
1305,20170522,DR007.IB,2.82
1306,20170523,DR007.IB,2.95
1307,20170524,DR007.IB,2.74
1308,20170525,DR007.IB,2.6
1309,20170526,DR007.IB,3.44
1310,20170531,DR007.IB,3.44
1311,20170601,DR007.IB,3.07
1312,20170602,DR007.IB,3.0
1313,20170605,DR007.IB,3.44
1314,20170606,DR007.IB,3.4
1315,20170607,DR007.IB,3.44
1316,20170608,DR007.IB,2.88
1317,20170609,DR007.IB,2.91
1318,20170612,DR007.IB,3.4
1319,20170613,DR007.IB,3.28
1320,20170614,DR007.IB,3.2
1321,20170615,DR007.IB,2.9
1322,20170616,DR007.IB,2.8
1323,20170619,DR007.IB,2.95
1324,20170620,DR007.IB,3.44
1325,20170621,DR007.IB,3.44
1326,20170622,DR007.IB,2.96
1327,20170623,DR007.IB,2.75
1328,20170626,DR007.IB,2.76
1329,20170627,DR007.IB,2.79
1330,20170628,DR007.IB,2.83
1331,20170629,DR007.IB,2.7
1332,20170630,DR007.IB,2.5
1333,20170703,DR007.IB,2.77
1334,20170704,DR007.IB,2.8
1335,20170705,DR007.IB,2.7
1336,20170706,DR007.IB,2.73
1337,20170707,DR007.IB,2.72
1338,20170710,DR007.IB,2.8
1339,20170711,DR007.IB,3.02
1340,20170712,DR007.IB,2.8
1341,20170713,DR007.IB,3.05
1342,20170714,DR007.IB,2.6
1343,20170717,DR007.IB,3.44
1344,20170718,DR007.IB,2.77
1345,20170719,DR007.IB,3.44
1346,20170720,DR007.IB,3.44
1347,20170721,DR007.IB,3.44
1348,20170724,DR007.IB,3.4
1349,20170725,DR007.IB,2.88
1350,20170726,DR007.IB,3.44
1351,20170727,DR007.IB,3.44
1352,20170728,DR007.IB,2.8
1353,20170731,DR007.IB,3.44
1354,20170801,DR007.IB,2.84
1355,20170802,DR007.IB,3.44
1356,20170803,DR007.IB,2.87
1357,20170804,DR007.IB,2.78
1358,20170807,DR007.IB,2.9
1359,20170808,DR007.IB,2.86
1360,20170809,DR007.IB,2.92
1361,20170810,DR007.IB,2.9
1362,20170811,DR007.IB,3.07
1363,20170814,DR007.IB,3.44
1364,20170815,DR007.IB,3.44
1365,20170816,DR007.IB,3.44
1366,20170817,DR007.IB,3.44
1367,20170818,DR007.IB,3.0
1368,20170821,DR007.IB,3.44
1369,20170822,DR007.IB,3.2
1370,20170823,DR007.IB,3.44
1371,20170824,DR007.IB,3.44
1372,20170825,DR007.IB,3.0
1373,20170828,DR007.IB,3.44
1374,20170829,DR007.IB,2.93
1375,20170830,DR007.IB,2.91
1376,20170831,DR007.IB,3.44
1377,20170901,DR007.IB,3.35
1378,20170904,DR007.IB,2.8
1379,20170905,DR007.IB,3.44
1380,20170906,DR007.IB,3.1
1381,20170907,DR007.IB,2.82
1382,20170908,DR007.IB,2.6
1383,20170911,DR007.IB,3.44
1384,20170912,DR007.IB,3.4
1385,20170913,DR007.IB,3.3
1386,20170914,DR007.IB,3.44
1387,20170915,DR007.IB,3.44
1388,20170918,DR007.IB,3.44
1389,20170919,DR007.IB,2.88
1390,20170920,DR007.IB,3.3
1391,20170921,DR007.IB,3.2
1392,20170922,DR007.IB,3.25
1393,20170925,DR007.IB,3.44
1394,20170926,DR007.IB,3.44
1395,20170927,DR007.IB,3.44
1396,20170928,DR007.IB,3.44
1397,20170929,DR007.IB,3.4
1398,20171009,DR007.IB,3.4
1399,20171010,DR007.IB,3.3
1400,20171011,DR007.IB,2.9
1401,20171012,DR007.IB,2.83
1402,20171013,DR007.IB,2.9
1403,20171016,DR007.IB,2.88
1404,20171017,DR007.IB,2.7
1405,20171018,DR007.IB,2.65
1406,20171019,DR007.IB,3.0
1407,20171020,DR007.IB,2.83
1408,20171023,DR007.IB,3.2
1409,20171024,DR007.IB,3.44
1410,20171025,DR007.IB,3.29
1411,20171026,DR007.IB,3.44
1412,20171027,DR007.IB,3.44
1413,20171030,DR007.IB,3.44
1414,20171031,DR007.IB,3.44
1415,20171101,DR007.IB,2.85
1416,20171102,DR007.IB,3.0
1417,20171103,DR007.IB,2.9
1418,20171106,DR007.IB,2.75
1419,20171107,DR007.IB,2.8
1420,20171108,DR007.IB,3.2
1421,20171109,DR007.IB,2.9
1422,20171110,DR007.IB,3.05
1423,20171113,DR007.IB,3.2
1424,20171114,DR007.IB,3.3
1425,20171115,DR007.IB,3.1
1426,20171116,DR007.IB,2.92
1427,20171117,DR007.IB,3.2
1428,20171120,DR007.IB,3.4
1429,20171121,DR007.IB,3.44
1430,20171122,DR007.IB,3.44
1431,20171123,DR007.IB,3.44
1432,20171124,DR007.IB,3.0
1433,20171127,DR007.IB,2.82
1434,20171128,DR007.IB,3.44
1435,20171129,DR007.IB,3.44
1436,20171130,DR007.IB,3.44
1437,20171201,DR007.IB,3.1
1438,20171204,DR007.IB,3.0
1439,20171205,DR007.IB,2.75
1440,20171206,DR007.IB,2.85
1441,20171207,DR007.IB,2.8
1442,20171208,DR007.IB,3.1
1443,20171211,DR007.IB,3.44
1444,20171212,DR007.IB,2.86
1445,20171213,DR007.IB,3.0
1446,20171214,DR007.IB,3.3
1447,20171215,DR007.IB,2.9
1448,20171218,DR007.IB,3.49
1449,20171219,DR007.IB,3.49
1450,20171220,DR007.IB,2.7
1451,20171221,DR007.IB,2.83
1452,20171222,DR007.IB,2.77
1453,20171225,DR007.IB,2.8
1454,20171226,DR007.IB,2.9
1455,20171227,DR007.IB,2.85
1456,20171228,DR007.IB,6.0
1457,20171229,DR007.IB,3.1
1458,20180102,DR007.IB,3.07
1459,20180103,DR007.IB,2.9
1460,20180104,DR007.IB,2.7
1461,20180105,DR007.IB,2.69
1462,20180108,DR007.IB,2.7
1463,20180109,DR007.IB,3.1
1464,20180110,DR007.IB,3.1
1465,20180111,DR007.IB,3.2
1466,20180112,DR007.IB,3.1
1467,20180115,DR007.IB,3.49
1468,20180116,DR007.IB,3.4
1469,20180117,DR007.IB,3.499
1470,20180118,DR007.IB,2.91
1471,20180119,DR007.IB,3.2
1472,20180122,DR007.IB,3.0
1473,20180123,DR007.IB,2.83
1474,20180124,DR007.IB,3.2
1475,20180125,DR007.IB,2.9
1476,20180126,DR007.IB,3.4
1477,20180129,DR007.IB,2.95
1478,20180130,DR007.IB,3.1
1479,20180131,DR007.IB,3.2
1480,20180201,DR007.IB,2.75
1481,20180202,DR007.IB,2.79
1482,20180205,DR007.IB,2.72
1483,20180206,DR007.IB,2.67
1484,20180207,DR007.IB,2.71
1485,20180208,DR007.IB,2.93
1486,20180209,DR007.IB,2.56
1487,20180212,DR007.IB,3.1
1488,20180213,DR007.IB,3.5
1489,20180214,DR007.IB,2.4
1490,20180222,DR007.IB,3.3
1491,20180223,DR007.IB,2.8
1492,20180226,DR007.IB,3.4
1493,20180227,DR007.IB,2.9
1494,20180228,DR007.IB,3.2
1495,20180301,DR007.IB,3.2
1496,20180302,DR007.IB,3.0
1497,20180305,DR007.IB,3.0
1498,20180306,DR007.IB,2.83
1499,20180307,DR007.IB,2.83
1500,20180308,DR007.IB,2.78
1501,20180309,DR007.IB,2.6
1502,20180312,DR007.IB,3.2
1503,20180313,DR007.IB,3.5
1504,20180314,DR007.IB,3.2
1505,20180315,DR007.IB,3.0
1506,20180316,DR007.IB,2.56
1507,20180319,DR007.IB,2.9
1508,20180320,DR007.IB,3.0
1509,20180321,DR007.IB,2.82
1510,20180322,DR007.IB,2.76
1511,20180323,DR007.IB,2.71
1512,20180326,DR007.IB,2.75
1513,20180327,DR007.IB,2.86
1514,20180328,DR007.IB,3.54
1515,20180329,DR007.IB,2.9
1516,20180330,DR007.IB,3.34
1517,20180402,DR007.IB,2.82
1518,20180403,DR007.IB,2.5
1519,20180404,DR007.IB,2.75
1520,20180409,DR007.IB,3.0
1521,20180410,DR007.IB,2.7
1522,20180411,DR007.IB,2.95
1523,20180412,DR007.IB,2.6
1524,20180413,DR007.IB,2.7
1525,20180416,DR007.IB,3.0
1526,20180417,DR007.IB,3.54
1527,20180418,DR007.IB,3.55
1528,20180419,DR007.IB,3.2
1529,20180420,DR007.IB,3.39
1530,20180423,DR007.IB,10.0
1531,20180424,DR007.IB,2.95
1532,20180425,DR007.IB,3.54
1533,20180426,DR007.IB,3.54
1534,20180427,DR007.IB,3.03
1535,20180502,DR007.IB,3.0
1536,20180503,DR007.IB,2.81
1537,20180504,DR007.IB,2.65
1538,20180507,DR007.IB,2.5
1539,20180508,DR007.IB,2.54
1540,20180509,DR007.IB,2.68
1541,20180510,DR007.IB,2.75
1542,20180511,DR007.IB,2.69
1543,20180514,DR007.IB,3.1
1544,20180515,DR007.IB,3.3
1545,20180516,DR007.IB,3.05
1546,20180517,DR007.IB,2.99
1547,20180518,DR007.IB,2.7
1548,20180521,DR007.IB,2.84
1549,20180522,DR007.IB,2.71
1550,20180523,DR007.IB,2.45
1551,20180524,DR007.IB,2.7
1552,20180525,DR007.IB,2.85
1553,20180528,DR007.IB,3.54
1554,20180529,DR007.IB,2.9
1555,20180530,DR007.IB,2.95
1556,20180531,DR007.IB,4.9
1557,20180601,DR007.IB,2.8
1558,20180604,DR007.IB,2.75
1559,20180605,DR007.IB,2.7
1560,20180606,DR007.IB,2.72
1561,20180607,DR007.IB,2.71
1562,20180608,DR007.IB,2.65
1563,20180611,DR007.IB,2.9
1564,20180612,DR007.IB,2.7
1565,20180613,DR007.IB,2.8
1566,20180614,DR007.IB,2.3
1567,20180615,DR007.IB,2.76
1568,20180619,DR007.IB,2.97
1569,20180620,DR007.IB,2.82
1570,20180621,DR007.IB,2.77
1571,20180622,DR007.IB,2.86
1572,20180625,DR007.IB,3.54
1573,20180626,DR007.IB,2.81
1574,20180627,DR007.IB,4.0
1575,20180628,DR007.IB,3.2
1576,20180629,DR007.IB,2.9
1577,20180702,DR007.IB,2.4
1578,20180703,DR007.IB,2.5
1579,20180704,DR007.IB,2.3
1580,20180705,DR007.IB,2.65
1581,20180706,DR007.IB,3.54
1582,20180709,DR007.IB,2.57
1583,20180710,DR007.IB,2.64
1584,20180711,DR007.IB,2.75
1585,20180712,DR007.IB,2.5
1586,20180713,DR007.IB,2.65
1587,20180716,DR007.IB,2.57
1588,20180717,DR007.IB,2.9
1589,20180718,DR007.IB,2.66
1590,20180719,DR007.IB,2.5
1591,20180720,DR007.IB,2.3
1592,20180723,DR007.IB,2.7
1593,20180724,DR007.IB,2.45
1594,20180725,DR007.IB,2.33
1595,20180726,DR007.IB,2.6
1596,20180727,DR007.IB,2.55
1597,20180730,DR007.IB,2.3
1598,20180731,DR007.IB,2.62
1599,20180801,DR007.IB,2.47
1600,20180802,DR007.IB,2.25
1601,20180803,DR007.IB,2.2
1602,20180806,DR007.IB,2.3
1603,20180807,DR007.IB,2.1
1604,20180808,DR007.IB,2.2
1605,20180809,DR007.IB,2.4
1606,20180810,DR007.IB,2.3
1607,20180813,DR007.IB,2.49
1608,20180814,DR007.IB,2.4
1609,20180815,DR007.IB,2.5
1610,20180816,DR007.IB,2.6
1611,20180817,DR007.IB,2.63
1612,20180820,DR007.IB,2.65
1613,20180821,DR007.IB,2.66
1614,20180822,DR007.IB,2.5
1615,20180823,DR007.IB,2.62
1616,20180824,DR007.IB,2.3
1617,20180827,DR007.IB,2.64
1618,20180828,DR007.IB,2.53
1619,20180829,DR007.IB,2.63
1620,20180830,DR007.IB,2.62
1621,20180831,DR007.IB,2.5
1622,20180903,DR007.IB,2.1
1623,20180904,DR007.IB,2.2
1624,20180905,DR007.IB,2.4
1625,20180906,DR007.IB,2.7
1626,20180907,DR007.IB,2.5
1627,20180910,DR007.IB,2.6
1628,20180911,DR007.IB,2.67
1629,20180912,DR007.IB,2.53
1630,20180913,DR007.IB,2.5
1631,20180914,DR007.IB,2.62
1632,20180917,DR007.IB,2.62
1633,20180918,DR007.IB,2.71
1634,20180919,DR007.IB,2.66
1635,20180920,DR007.IB,2.68
1636,20180921,DR007.IB,2.55
1637,20180925,DR007.IB,2.75
1638,20180926,DR007.IB,2.7
1639,20180927,DR007.IB,2.5
1640,20180928,DR007.IB,2.59
1641,20181008,DR007.IB,2.55
1642,20181009,DR007.IB,2.55
1643,20181010,DR007.IB,2.5
1644,20181011,DR007.IB,2.4
1645,20181012,DR007.IB,2.5
1646,20181015,DR007.IB,2.35
1647,20181016,DR007.IB,2.58
1648,20181017,DR007.IB,2.5
1649,20181018,DR007.IB,2.4
1650,20181019,DR007.IB,2.61
1651,20181022,DR007.IB,2.3
1652,20181023,DR007.IB,2.6
1653,20181024,DR007.IB,2.5
1654,20181025,DR007.IB,2.5
1655,20181026,DR007.IB,2.4
1656,20181029,DR007.IB,2.5
1657,20181030,DR007.IB,2.55
1658,20181031,DR007.IB,2.71
1659,20181101,DR007.IB,2.5
1660,20181102,DR007.IB,2.65
1661,20181105,DR007.IB,2.4
1662,20181106,DR007.IB,2.4
1663,20181107,DR007.IB,2.56
1664,20181108,DR007.IB,2.4
1665,20181109,DR007.IB,2.55
1666,20181112,DR007.IB,2.6
1667,20181113,DR007.IB,2.5
1668,20181114,DR007.IB,2.31
1669,20181115,DR007.IB,2.58
1670,20181116,DR007.IB,2.65
1671,20181119,DR007.IB,2.6
1672,20181120,DR007.IB,2.9
1673,20181121,DR007.IB,2.5
1674,20181122,DR007.IB,2.3
1675,20181123,DR007.IB,2.1
1676,20181126,DR007.IB,2.3
1677,20181127,DR007.IB,2.65
1678,20181128,DR007.IB,2.65
1679,20181129,DR007.IB,2.64
1680,20181130,DR007.IB,2.67
1681,20181203,DR007.IB,2.2
1682,20181204,DR007.IB,2.4
1683,20181205,DR007.IB,2.1
1684,20181206,DR007.IB,2.5
1685,20181207,DR007.IB,2.55
1686,20181210,DR007.IB,2.65
1687,20181211,DR007.IB,2.58
1688,20181212,DR007.IB,2.35
1689,20181213,DR007.IB,2.65
1690,20181214,DR007.IB,2.66
1691,20181217,DR007.IB,2.65
1692,20181218,DR007.IB,2.69
1693,20181219,DR007.IB,2.67
1694,20181220,DR007.IB,2.5
1695,20181221,DR007.IB,2.0
1696,20181224,DR007.IB,2.0
1697,20181225,DR007.IB,4.8
1698,20181226,DR007.IB,2.71
1699,20181227,DR007.IB,2.7
1700,20181228,DR007.IB,3.54
1701,20190102,DR007.IB,1.8
1702,20190103,DR007.IB,2.0
1703,20190104,DR007.IB,2.0
1704,20190107,DR007.IB,2.0
1705,20190108,DR007.IB,2.15
1706,20190109,DR007.IB,2.0
1707,20190110,DR007.IB,2.48
1708,20190111,DR007.IB,1.8
1709,20190114,DR007.IB,2.1
1710,20190115,DR007.IB,2.5
1711,20190116,DR007.IB,2.5
1712,20190117,DR007.IB,2.35
1713,20190118,DR007.IB,2.55
1714,20190121,DR007.IB,2.55
1715,20190122,DR007.IB,2.5
1716,20190123,DR007.IB,2.53
1717,20190124,DR007.IB,2.58
1718,20190125,DR007.IB,2.35
1719,20190128,DR007.IB,2.8
1720,20190129,DR007.IB,2.0
1721,20190130,DR007.IB,2.74
1722,20190131,DR007.IB,2.71
1723,20190201,DR007.IB,2.3
1724,20190211,DR007.IB,2.3
1725,20190212,DR007.IB,2.0
1726,20190213,DR007.IB,2.0
1727,20190214,DR007.IB,2.19
1728,20190215,DR007.IB,2.2
1729,20190218,DR007.IB,2.0
1730,20190219,DR007.IB,2.35
1731,20190220,DR007.IB,1.9
1732,20190221,DR007.IB,2.31
1733,20190222,DR007.IB,2.62
1734,20190225,DR007.IB,2.64
1735,20190226,DR007.IB,2.73
1736,20190227,DR007.IB,2.8
1737,20190228,DR007.IB,2.65
1738,20190301,DR007.IB,2.0
1739,20190304,DR007.IB,2.26
1740,20190305,DR007.IB,2.5
1741,20190306,DR007.IB,2.1
1742,20190307,DR007.IB,2.2
1743,20190308,DR007.IB,2.1
1744,20190311,DR007.IB,2.1
1745,20190312,DR007.IB,2.58
1746,20190313,DR007.IB,2.4
1747,20190314,DR007.IB,2.58
1748,20190315,DR007.IB,2.76
1749,20190318,DR007.IB,2.8
1750,20190319,DR007.IB,2.75
1751,20190320,DR007.IB,2.8
1752,20190321,DR007.IB,2.75
1753,20190322,DR007.IB,2.5
1754,20190325,DR007.IB,2.6
1755,20190326,DR007.IB,2.5
1756,20190327,DR007.IB,2.9
1757,20190328,DR007.IB,2.73
1758,20190329,DR007.IB,2.7
1759,20190401,DR007.IB,2.4
1760,20190402,DR007.IB,2.1
1761,20190403,DR007.IB,2.1
1762,20190404,DR007.IB,2.27
1763,20190408,DR007.IB,2.2
1764,20190409,DR007.IB,2.38
1765,20190410,DR007.IB,2.5
1766,20190411,DR007.IB,2.6
1767,20190412,DR007.IB,2.7
1768,20190415,DR007.IB,2.8
1769,20190416,DR007.IB,2.8
1770,20190417,DR007.IB,2.79
1771,20190418,DR007.IB,2.9
1772,20190419,DR007.IB,2.5
1773,20190422,DR007.IB,3.1
1774,20190423,DR007.IB,3.2
1775,20190424,DR007.IB,2.9
1776,20190425,DR007.IB,2.89
1777,20190426,DR007.IB,2.7
1778,20190429,DR007.IB,2.69
1779,20190430,DR007.IB,2.0
1780,20190506,DR007.IB,2.4
1781,20190507,DR007.IB,2.2
1782,20190508,DR007.IB,2.1
1783,20190509,DR007.IB,2.49
1784,20190510,DR007.IB,2.73
1785,20190513,DR007.IB,2.45
1786,20190514,DR007.IB,2.52
1787,20190515,DR007.IB,2.4
1788,20190516,DR007.IB,2.56
1789,20190517,DR007.IB,2.9
1790,20190520,DR007.IB,2.8
1791,20190521,DR007.IB,2.75
1792,20190522,DR007.IB,2.5
1793,20190523,DR007.IB,2.6
1794,20190524,DR007.IB,2.55
1795,20190527,DR007.IB,2.85
1796,20190528,DR007.IB,2.9
1797,20190529,DR007.IB,2.82
1798,20190530,DR007.IB,2.3
1799,20190531,DR007.IB,2.25
1800,20190603,DR007.IB,2.46
1801,20190604,DR007.IB,1.82
1802,20190605,DR007.IB,2.3
1803,20190606,DR007.IB,2.58
1804,20190610,DR007.IB,2.48
1805,20190611,DR007.IB,2.3
1806,20190612,DR007.IB,1.8
1807,20190613,DR007.IB,2.35
1808,20190614,DR007.IB,2.35
1809,20190617,DR007.IB,2.3
1810,20190618,DR007.IB,1.9
1811,20190619,DR007.IB,2.6
1812,20190620,DR007.IB,1.9
1813,20190621,DR007.IB,1.8
1814,20190624,DR007.IB,2.27
1815,20190625,DR007.IB,2.3
1816,20190626,DR007.IB,2.39
1817,20190627,DR007.IB,2.4
1818,20190628,DR007.IB,2.5
1819,20190701,DR007.IB,2.0
1820,20190702,DR007.IB,1.7
1821,20190703,DR007.IB,1.8
1822,20190704,DR007.IB,1.8
1823,20190705,DR007.IB,2.17
1824,20190708,DR007.IB,2.41
1825,20190709,DR007.IB,2.5
1826,20190710,DR007.IB,2.47
1827,20190711,DR007.IB,2.1
1828,20190712,DR007.IB,2.5
1829,20190715,DR007.IB,2.75
1830,20190716,DR007.IB,2.72
1831,20190717,DR007.IB,2.72
1832,20190718,DR007.IB,2.85
1833,20190719,DR007.IB,2.5
1834,20190722,DR007.IB,2.7
1835,20190723,DR007.IB,2.6
1836,20190724,DR007.IB,2.55
1837,20190725,DR007.IB,2.65
1838,20190726,DR007.IB,2.63
1839,20190729,DR007.IB,2.66
1840,20190730,DR007.IB,2.7
1841,20190731,DR007.IB,2.75
1842,20190801,DR007.IB,2.6
1843,20190802,DR007.IB,2.65
1844,20190805,DR007.IB,2.44
1845,20190806,DR007.IB,2.3
1846,20190807,DR007.IB,2.43
1847,20190808,DR007.IB,2.55
1848,20190809,DR007.IB,2.64
1849,20190812,DR007.IB,2.7
1850,20190813,DR007.IB,2.72
1851,20190814,DR007.IB,2.6
1852,20190815,DR007.IB,2.72
1853,20190816,DR007.IB,2.67
1854,20190819,DR007.IB,2.68
1855,20190820,DR007.IB,2.66
1856,20190821,DR007.IB,2.65
1857,20190822,DR007.IB,2.5
1858,20190823,DR007.IB,2.5
1859,20190826,DR007.IB,2.7
1860,20190827,DR007.IB,2.7
1861,20190828,DR007.IB,2.72
1862,20190829,DR007.IB,2.68
1863,20190830,DR007.IB,2.67
1864,20190902,DR007.IB,2.45
1865,20190903,DR007.IB,2.58
1866,20190904,DR007.IB,2.6
1867,20190905,DR007.IB,2.65
1868,20190906,DR007.IB,2.67
1869,20190909,DR007.IB,2.65
1870,20190910,DR007.IB,2.6
1871,20190911,DR007.IB,2.65
1872,20190912,DR007.IB,2.65
1873,20190916,DR007.IB,2.57
1874,20190917,DR007.IB,2.57
1875,20190918,DR007.IB,2.66
1876,20190919,DR007.IB,2.75
1877,20190920,DR007.IB,2.8
1878,20190923,DR007.IB,2.7
1879,20190924,DR007.IB,2.3
1880,20190925,DR007.IB,2.41
1881,20190926,DR007.IB,2.5
1882,20190927,DR007.IB,1.3
1883,20190930,DR007.IB,3.03
1884,20191008,DR007.IB,2.5
1885,20191009,DR007.IB,2.56
1886,20191010,DR007.IB,2.5
1887,20191011,DR007.IB,2.35
1888,20191014,DR007.IB,2.7
1889,20191015,DR007.IB,2.7
1890,20191016,DR007.IB,2.7
1891,20191017,DR007.IB,2.65
1892,20191018,DR007.IB,2.7
1893,20191021,DR007.IB,2.72
1894,20191022,DR007.IB,2.8
1895,20191023,DR007.IB,2.5
1896,20191024,DR007.IB,2.65
1897,20191025,DR007.IB,2.67
1898,20191028,DR007.IB,2.69
1899,20191029,DR007.IB,2.2
1900,20191030,DR007.IB,2.8
1901,20191031,DR007.IB,2.4
1902,20191101,DR007.IB,2.3
1903,20191104,DR007.IB,2.2
1904,20191105,DR007.IB,2.3
1905,20191106,DR007.IB,2.36
1906,20191107,DR007.IB,2.35
1907,20191108,DR007.IB,2.47
1908,20191111,DR007.IB,2.3
1909,20191112,DR007.IB,2.37
1910,20191113,DR007.IB,2.3
1911,20191114,DR007.IB,2.75
1912,20191115,DR007.IB,2.8
1913,20191118,DR007.IB,2.71
1914,20191119,DR007.IB,2.65
1915,20191120,DR007.IB,2.1
1916,20191121,DR007.IB,2.3
1917,20191122,DR007.IB,2.1
1918,20191125,DR007.IB,2.52
1919,20191126,DR007.IB,2.1
1920,20191127,DR007.IB,2.5
1921,20191128,DR007.IB,2.59
1922,20191129,DR007.IB,2.36
1923,20191202,DR007.IB,2.41
1924,20191203,DR007.IB,2.1
1925,20191204,DR007.IB,2.1
1926,20191205,DR007.IB,1.9
1927,20191206,DR007.IB,2.42
1928,20191209,DR007.IB,2.3
1929,20191210,DR007.IB,2.48
1930,20191211,DR007.IB,2.0
1931,20191212,DR007.IB,2.3
1932,20191213,DR007.IB,2.41
1933,20191216,DR007.IB,2.43
1934,20191217,DR007.IB,2.5
1935,20191218,DR007.IB,2.3
1936,20191219,DR007.IB,2.1
1937,20191220,DR007.IB,1.7
1938,20191223,DR007.IB,2.0
1939,20191224,DR007.IB,1.4
1940,20191225,DR007.IB,2.7
1941,20191226,DR007.IB,2.35
1942,20191227,DR007.IB,2.9
1943,20191230,DR007.IB,2.65
1944,20191231,DR007.IB,2.65
1945,20200102,DR007.IB,2.1
1946,20200103,DR007.IB,1.35
1947,20200106,DR007.IB,1.85
1948,20200107,DR007.IB,1.6
1949,20200108,DR007.IB,1.6
1950,20200109,DR007.IB,2.25
1951,20200110,DR007.IB,2.2
1952,20200113,DR007.IB,2.45
1953,20200114,DR007.IB,2.8
1954,20200115,DR007.IB,3.35
1955,20200116,DR007.IB,2.7
1956,20200117,DR007.IB,2.64
1957,20200120,DR007.IB,2.2
1958,20200121,DR007.IB,2.58
1959,20200122,DR007.IB,2.35
1960,20200123,DR007.IB,2.54
1961,20200203,DR007.IB,2.6
1962,20200204,DR007.IB,2.1
1963,20200205,DR007.IB,1.98
1964,20200206,DR007.IB,1.4
1965,20200207,DR007.IB,1.71
1966,20200210,DR007.IB,1.8
1967,20200211,DR007.IB,2.05
1968,20200212,DR007.IB,2.1
1969,20200213,DR007.IB,1.8
1970,20200214,DR007.IB,1.98
1971,20200217,DR007.IB,1.55
1972,20200218,DR007.IB,2.21
1973,20200219,DR007.IB,2.12
1974,20200220,DR007.IB,1.45
1975,20200221,DR007.IB,2.08
1976,20200224,DR007.IB,2.05
1977,20200225,DR007.IB,2.08
1978,20200226,DR007.IB,1.9
1979,20200227,DR007.IB,2.1
1980,20200228,DR007.IB,2.4
1981,20200302,DR007.IB,2.02
1982,20200303,DR007.IB,1.96
1983,20200304,DR007.IB,2.0
1984,20200305,DR007.IB,1.45
1985,20200306,DR007.IB,1.89
1986,20200309,DR007.IB,1.96
1987,20200310,DR007.IB,2.19
1988,20200311,DR007.IB,1.9
1989,20200312,DR007.IB,1.8
1990,20200313,DR007.IB,1.8
1991,20200316,DR007.IB,1.95
1992,20200317,DR007.IB,1.65
1993,20200318,DR007.IB,1.6
1994,20200319,DR007.IB,1.2
1995,20200320,DR007.IB,1.56
1996,20200323,DR007.IB,1.2
1997,20200324,DR007.IB,1.2
1998,20200325,DR007.IB,1.8
1999,20200326,DR007.IB,1.55
2000,20200327,DR007.IB,1.69
2001,20200330,DR007.IB,2.1
2002,20200331,DR007.IB,2.1
2003,20200401,DR007.IB,1.4
2004,20200402,DR007.IB,1.3
2005,20200403,DR007.IB,1.4
2006,20200407,DR007.IB,1.2
2007,20200408,DR007.IB,0.95
2008,20200409,DR007.IB,1.2
2009,20200410,DR007.IB,1.8
2010,20200413,DR007.IB,1.37
2011,20200414,DR007.IB,1.1
2012,20200415,DR007.IB,1.24
2013,20200416,DR007.IB,1.0
2014,20200417,DR007.IB,1.2
2015,20200420,DR007.IB,1.4
2016,20200421,DR007.IB,1.27
2017,20200422,DR007.IB,1.32
2018,20200423,DR007.IB,1.2
2019,20200424,DR007.IB,0.91
2020,20200427,DR007.IB,1.15
2021,20200428,DR007.IB,0.95
2022,20200429,DR007.IB,1.5
2023,20200430,DR007.IB,1.91
2024,20200506,DR007.IB,1.2
2025,20200507,DR007.IB,1.15
2026,20200508,DR007.IB,1.3
2027,20200511,DR007.IB,1.27
2028,20200512,DR007.IB,1.2
2029,20200513,DR007.IB,1.2
2030,20200514,DR007.IB,1.35
2031,20200515,DR007.IB,1.15
2032,20200518,DR007.IB,1.2
2033,20200519,DR007.IB,1.2
2034,20200520,DR007.IB,1.3
2035,20200521,DR007.IB,1.15
2036,20200522,DR007.IB,1.4
2037,20200525,DR007.IB,1.5
2038,20200526,DR007.IB,1.7
2039,20200527,DR007.IB,2.02
2040,20200528,DR007.IB,2.25
2041,20200529,DR007.IB,2.15
2042,20200601,DR007.IB,1.2
2043,20200602,DR007.IB,1.5
2044,20200603,DR007.IB,1.97
2045,20200604,DR007.IB,1.75
2046,20200605,DR007.IB,1.6
2047,20200608,DR007.IB,1.75
2048,20200609,DR007.IB,1.85
2049,20200610,DR007.IB,1.9
2050,20200611,DR007.IB,1.9
2051,20200612,DR007.IB,1.85
2052,20200615,DR007.IB,1.9
2053,20200616,DR007.IB,1.85
2054,20200617,DR007.IB,2.05
2055,20200618,DR007.IB,2.09
2056,20200619,DR007.IB,2.14
2057,20200622,DR007.IB,2.14
2058,20200623,DR007.IB,1.9
2059,20200624,DR007.IB,1.5
2060,20200629,DR007.IB,2.0
2061,20200630,DR007.IB,3.1
2062,20200701,DR007.IB,1.97
2063,20200702,DR007.IB,1.5
2064,20200703,DR007.IB,1.5
2065,20200706,DR007.IB,1.76
2066,20200707,DR007.IB,1.81
2067,20200708,DR007.IB,2.22
2068,20200709,DR007.IB,2.18
2069,20200710,DR007.IB,2.0
2070,20200713,DR007.IB,2.35
2071,20200714,DR007.IB,2.0
2072,20200715,DR007.IB,2.2
2073,20200716,DR007.IB,2.8
2074,20200717,DR007.IB,2.22
2075,20200720,DR007.IB,2.1
2076,20200721,DR007.IB,2.08
2077,20200722,DR007.IB,2.0
2078,20200723,DR007.IB,2.19
2079,20200724,DR007.IB,1.7
2080,20200727,DR007.IB,2.0
2081,20200728,DR007.IB,2.1
2082,20200729,DR007.IB,1.3
2083,20200730,DR007.IB,2.18
2084,20200731,DR007.IB,2.4
2085,20200803,DR007.IB,1.68
2086,20200804,DR007.IB,2.11
2087,20200805,DR007.IB,1.8
2088,20200806,DR007.IB,1.9
2089,20200807,DR007.IB,2.05
2090,20200810,DR007.IB,2.2
2091,20200811,DR007.IB,2.0
2092,20200812,DR007.IB,2.2
2093,20200813,DR007.IB,2.24
2094,20200814,DR007.IB,2.2
2095,20200817,DR007.IB,2.0
2096,20200818,DR007.IB,2.2
2097,20200819,DR007.IB,2.21
2098,20200820,DR007.IB,2.25
2099,20200821,DR007.IB,1.8
2100,20200824,DR007.IB,2.37
2101,20200825,DR007.IB,1.9
2102,20200826,DR007.IB,2.18
2103,20200827,DR007.IB,2.15
2104,20200828,DR007.IB,1.35
2105,20200831,DR007.IB,2.4
2106,20200901,DR007.IB,2.2
2107,20200902,DR007.IB,2.08
2108,20200903,DR007.IB,2.2
2109,20200904,DR007.IB,2.2
2110,20200907,DR007.IB,2.2
2111,20200908,DR007.IB,2.2
2112,20200909,DR007.IB,1.65
2113,20200910,DR007.IB,2.0
2114,20200911,DR007.IB,2.17
2115,20200914,DR007.IB,2.0
2116,20200915,DR007.IB,2.0
2117,20200916,DR007.IB,1.7
2118,20200917,DR007.IB,2.5
2119,20200918,DR007.IB,2.6
2120,20200921,DR007.IB,2.33
2121,20200922,DR007.IB,2.36
2122,20200923,DR007.IB,1.6
2123,20200924,DR007.IB,1.4
2124,20200925,DR007.IB,1.4
2125,20200928,DR007.IB,1.2
2126,20200929,DR007.IB,2.9
2127,20200930,DR007.IB,2.45
2128,20201009,DR007.IB,2.0
2129,20201012,DR007.IB,1.85
2130,20201013,DR007.IB,1.9
2131,20201014,DR007.IB,2.1
2132,20201015,DR007.IB,2.19
2133,20201016,DR007.IB,2.19
2134,20201019,DR007.IB,2.25
2135,20201020,DR007.IB,2.25
2136,20201021,DR007.IB,2.2
2137,20201022,DR007.IB,2.17
2138,20201023,DR007.IB,2.4
2139,20201026,DR007.IB,2.9
2140,20201027,DR007.IB,2.53
2141,20201028,DR007.IB,2.51
2142,20201029,DR007.IB,2.5
2143,20201030,DR007.IB,2.6
2144,20201102,DR007.IB,2.47
2145,20201103,DR007.IB,2.05
2146,20201104,DR007.IB,1.5
2147,20201105,DR007.IB,2.05
2148,20201106,DR007.IB,1.65
2149,20201109,DR007.IB,2.3
2150,20201110,DR007.IB,2.35
2151,20201111,DR007.IB,2.38
2152,20201112,DR007.IB,2.8
2153,20201113,DR007.IB,2.65
2154,20201116,DR007.IB,2.9
2155,20201117,DR007.IB,2.05
2156,20201118,DR007.IB,1.85
2157,20201119,DR007.IB,2.23
2158,20201120,DR007.IB,2.2
2159,20201123,DR007.IB,2.2
2160,20201124,DR007.IB,1.92
2161,20201125,DR007.IB,2.34
2162,20201126,DR007.IB,2.85
2163,20201127,DR007.IB,2.37
2164,20201130,DR007.IB,2.31
2165,20201201,DR007.IB,1.7
2166,20201202,DR007.IB,1.4
2167,20201203,DR007.IB,2.12
2168,20201204,DR007.IB,1.13
2169,20201207,DR007.IB,2.07
2170,20201208,DR007.IB,2.06
2171,20201209,DR007.IB,1.1
2172,20201210,DR007.IB,2.0
2173,20201211,DR007.IB,2.2
2174,20201214,DR007.IB,2.15
2175,20201215,DR007.IB,1.7
2176,20201216,DR007.IB,1.61
2177,20201217,DR007.IB,1.89
2178,20201218,DR007.IB,2.05
2179,20201221,DR007.IB,1.5
2180,20201222,DR007.IB,1.6
2181,20201223,DR007.IB,1.0
2182,20201224,DR007.IB,1.6
2183,20201225,DR007.IB,2.16
2184,20201228,DR007.IB,2.08
2185,20201229,DR007.IB,2.8
2186,20201230,DR007.IB,2.8
2187,20201231,DR007.IB,2.3
2188,20210104,DR007.IB,1.86
2189,20210105,DR007.IB,1.6
2190,20210106,DR007.IB,1.5
2191,20210107,DR007.IB,1.0
2192,20210108,DR007.IB,1.98
2193,20210111,DR007.IB,1.94
2194,20210112,DR007.IB,1.95
2195,20210113,DR007.IB,1.6
2196,20210114,DR007.IB,1.8
2197,20210115,DR007.IB,2.01
2198,20210118,DR007.IB,2.18
2199,20210119,DR007.IB,2.7
2200,20210120,DR007.IB,2.56
2201,20210121,DR007.IB,2.4
2202,20210122,DR007.IB,2.2
2203,20210125,DR007.IB,2.8
2204,20210126,DR007.IB,3.0
2205,20210127,DR007.IB,3.03
2206,20210128,DR007.IB,3.19
2207,20210129,DR007.IB,3.19
2208,20210201,DR007.IB,2.6
2209,20210202,DR007.IB,1.85
2210,20210203,DR007.IB,2.11
2211,20210204,DR007.IB,2.1
2212,20210205,DR007.IB,1.9
2213,20210208,DR007.IB,2.7
2214,20210209,DR007.IB,2.3
2215,20210210,DR007.IB,2.0
2216,20210218,DR007.IB,2.0
2217,20210219,DR007.IB,1.5
2218,20210222,DR007.IB,2.0
2219,20210223,DR007.IB,2.33
2220,20210224,DR007.IB,2.2
2221,20210225,DR007.IB,2.21
2222,20210226,DR007.IB,2.21
2223,20210301,DR007.IB,2.0
2224,20210302,DR007.IB,2.0
2225,20210303,DR007.IB,1.86
2226,20210304,DR007.IB,2.13
2227,20210305,DR007.IB,2.0
2228,20210308,DR007.IB,2.05
2229,20210309,DR007.IB,2.04
2230,20210310,DR007.IB,1.9
2231,20210311,DR007.IB,2.0
2232,20210312,DR007.IB,2.15
2233,20210315,DR007.IB,2.3
2234,20210316,DR007.IB,2.15
2235,20210317,DR007.IB,2.14
2236,20210318,DR007.IB,2.2
2237,20210319,DR007.IB,2.18
2238,20210322,DR007.IB,2.2
2239,20210323,DR007.IB,2.0
2240,20210324,DR007.IB,1.9
2241,20210325,DR007.IB,2.22
2242,20210326,DR007.IB,2.22
2243,20210329,DR007.IB,2.2
2244,20210330,DR007.IB,2.24
2245,20210331,DR007.IB,2.0
2246,20210401,DR007.IB,2.15
2247,20210402,DR007.IB,2.0
2248,20210406,DR007.IB,1.8
2249,20210407,DR007.IB,1.86
2250,20210408,DR007.IB,1.95
2251,20210409,DR007.IB,1.85
2252,20210412,DR007.IB,2.0
2253,20210413,DR007.IB,1.8
2254,20210414,DR007.IB,2.04
2255,20210415,DR007.IB,2.13
2256,20210416,DR007.IB,2.15
2257,20210419,DR007.IB,2.2
2258,20210420,DR007.IB,2.16
2259,20210421,DR007.IB,2.08
2260,20210422,DR007.IB,2.13
2261,20210423,DR007.IB,2.1
2262,20210426,DR007.IB,2.05
2263,20210427,DR007.IB,2.2
2264,20210428,DR007.IB,1.9
2265,20210429,DR007.IB,2.27
2266,20210430,DR007.IB,2.3
2267,20210506,DR007.IB,2.12
2268,20210507,DR007.IB,1.65
2269,20210510,DR007.IB,1.78
2270,20210511,DR007.IB,1.9
2271,20210512,DR007.IB,2.0
2272,20210513,DR007.IB,2.0577
2273,20210514,DR007.IB,2.05
2274,20210517,DR007.IB,2.15
2275,20210518,DR007.IB,2.19
2276,20210519,DR007.IB,2.14
2277,20210520,DR007.IB,2.0
2278,20210521,DR007.IB,2.0
2279,20210524,DR007.IB,2.17
2280,20210525,DR007.IB,2.4
2281,20210526,DR007.IB,2.4
2282,20210527,DR007.IB,2.2564
2283,20210528,DR007.IB,2.3
2284,20210531,DR007.IB,2.5
2285,20210601,DR007.IB,2.15
2286,20210602,DR007.IB,2.05
2287,20210603,DR007.IB,2.1
2288,20210604,DR007.IB,2.25
2289,20210607,DR007.IB,2.25
2290,20210608,DR007.IB,2.2
2291,20210609,DR007.IB,2.2
2292,20210610,DR007.IB,2.12
2293,20210611,DR007.IB,2.1
2294,20210615,DR007.IB,2.23
2295,20210616,DR007.IB,2.19
2296,20210617,DR007.IB,2.17
2297,20210618,DR007.IB,2.2
2298,20210621,DR007.IB,2.28
2299,20210622,DR007.IB,2.25
2300,20210623,DR007.IB,2.3
2301,20210624,DR007.IB,2.25
2302,20210625,DR007.IB,2.0
2303,20210628,DR007.IB,2.8
2304,20210629,DR007.IB,2.93
2305,20210630,DR007.IB,3.0
2306,20210701,DR007.IB,2.0
2307,20210702,DR007.IB,1.64
2308,20210705,DR007.IB,1.9
2309,20210706,DR007.IB,1.9
2310,20210707,DR007.IB,2.15
2311,20210708,DR007.IB,1.8
2312,20210709,DR007.IB,2.21
2313,20210712,DR007.IB,2.05
2314,20210713,DR007.IB,2.1
2315,20210714,DR007.IB,2.18
2316,20210715,DR007.IB,2.25
2317,20210716,DR007.IB,2.15
2318,20210719,DR007.IB,2.2
2319,20210720,DR007.IB,2.1
2320,20210721,DR007.IB,2.21
2321,20210722,DR007.IB,2.1
2322,20210723,DR007.IB,2.07
2323,20210726,DR007.IB,2.17
2324,20210727,DR007.IB,2.35
2325,20210728,DR007.IB,2.5
2326,20210729,DR007.IB,2.45
2327,20210730,DR007.IB,2.2
2328,20210802,DR007.IB,1.88
2329,20210803,DR007.IB,1.95
2330,20210804,DR007.IB,1.92
2331,20210805,DR007.IB,1.95
2332,20210806,DR007.IB,2.15
2333,20210809,DR007.IB,2.5
2334,20210810,DR007.IB,2.45
2335,20210811,DR007.IB,1.9
2336,20210812,DR007.IB,2.05
2337,20210813,DR007.IB,2.1
2338,20210816,DR007.IB,2.2
2339,20210817,DR007.IB,1.96
2340,20210818,DR007.IB,2.01
2341,20210819,DR007.IB,2.0
2342,20210820,DR007.IB,2.1
2343,20210823,DR007.IB,2.23
2344,20210824,DR007.IB,2.15
2345,20210825,DR007.IB,2.45
2346,20210826,DR007.IB,2.3
2347,20210827,DR007.IB,2.3
2348,20210830,DR007.IB,2.4
2349,20210831,DR007.IB,2.5
2350,20210901,DR007.IB,2.05
2351,20210902,DR007.IB,2.0
2352,20210903,DR007.IB,2.1
2353,20210906,DR007.IB,2.15
2354,20210907,DR007.IB,2.15
2355,20210908,DR007.IB,2.1
2356,20210909,DR007.IB,2.2
2357,20210910,DR007.IB,2.13
2358,20210913,DR007.IB,2.2
2359,20210914,DR007.IB,2.28
2360,20210915,DR007.IB,2.2212
2361,20210916,DR007.IB,2.2634
2362,20210917,DR007.IB,2.3
2363,20210922,DR007.IB,2.24
2364,20210923,DR007.IB,2.14
2365,20210924,DR007.IB,2.18
2366,20210927,DR007.IB,2.1
2367,20210928,DR007.IB,2.1
2368,20210929,DR007.IB,2.5459
2369,20210930,DR007.IB,2.28
2370,20211008,DR007.IB,1.95
2371,20211011,DR007.IB,2.16
2372,20211012,DR007.IB,2.16
2373,20211013,DR007.IB,2.15
2374,20211014,DR007.IB,2.1
2375,20211015,DR007.IB,2.0
2376,20211018,DR007.IB,2.16
2377,20211019,DR007.IB,2.29
2378,20211020,DR007.IB,2.2
2379,20211021,DR007.IB,2.03
2380,20211022,DR007.IB,2.0
2381,20211025,DR007.IB,2.19
2382,20211026,DR007.IB,2.45
2383,20211027,DR007.IB,2.4
2384,20211028,DR007.IB,2.32
2385,20211029,DR007.IB,2.45
2386,20211101,DR007.IB,2.2
2387,20211102,DR007.IB,2.18
2388,20211103,DR007.IB,1.9
2389,20211104,DR007.IB,2.11
2390,20211105,DR007.IB,2.13
2391,20211108,DR007.IB,2.11
2392,20211109,DR007.IB,2.08
2393,20211110,DR007.IB,2.13
2394,20211111,DR007.IB,2.1
2395,20211112,DR007.IB,2.05
2396,20211115,DR007.IB,1.83
2397,20211116,DR007.IB,2.03
2398,20211117,DR007.IB,2.3
2399,20211118,DR007.IB,2.15
2400,20211119,DR007.IB,2.14
2401,20211122,DR007.IB,2.1
2402,20211123,DR007.IB,2.16
2403,20211124,DR007.IB,2.26
2404,20211125,DR007.IB,2.4
2405,20211126,DR007.IB,1.8
2406,20211129,DR007.IB,2.0
2407,20211130,DR007.IB,2.6
2408,20211201,DR007.IB,2.05
2409,20211202,DR007.IB,2.07
2410,20211203,DR007.IB,1.9
2411,20211206,DR007.IB,2.25
2412,20211207,DR007.IB,2.15
2413,20211208,DR007.IB,2.15
2414,20211209,DR007.IB,2.21
2415,20211210,DR007.IB,2.12
2416,20211213,DR007.IB,2.18
2417,20211214,DR007.IB,2.2
2418,20211215,DR007.IB,2.18
2419,20211216,DR007.IB,2.19
2420,20211217,DR007.IB,2.05
2421,20211220,DR007.IB,2.1
2422,20211221,DR007.IB,2.05
2423,20211222,DR007.IB,1.96
2424,20211223,DR007.IB,1.9
2425,20211224,DR007.IB,1.6
2426,20211227,DR007.IB,3.2
2427,20211228,DR007.IB,3.19
2428,20211229,DR007.IB,2.75
2429,20211230,DR007.IB,2.7
2430,20211231,DR007.IB,2.5
2431,20220104,DR007.IB,1.85
2432,20220105,DR007.IB,2.02
2433,20220106,DR007.IB,1.93
2434,20220107,DR007.IB,1.8
2435,20220110,DR007.IB,2.05
2436,20220111,DR007.IB,2.05
2437,20220112,DR007.IB,2.15
2438,20220113,DR007.IB,2.15
2439,20220114,DR007.IB,2.3
2440,20220117,DR007.IB,2.2
2441,20220118,DR007.IB,2.07
2442,20220119,DR007.IB,2.05
2443,20220120,DR007.IB,2.0
2444,20220121,DR007.IB,2.05
2445,20220124,DR007.IB,1.96
2446,20220125,DR007.IB,1.93
2447,20220126,DR007.IB,2.07
2448,20220127,DR007.IB,2.0385
2449,20220128,DR007.IB,2.5
2450,20220207,DR007.IB,2.15
2451,20220208,DR007.IB,2.1
2452,20220209,DR007.IB,1.85
2453,20220210,DR007.IB,1.93
2454,20220211,DR007.IB,2.03
2455,20220214,DR007.IB,1.99
2456,20220215,DR007.IB,2.0
2457,20220216,DR007.IB,2.05
2458,20220217,DR007.IB,2.2
2459,20220218,DR007.IB,1.9
2460,20220221,DR007.IB,2.12
2461,20220222,DR007.IB,2.2
2462,20220223,DR007.IB,2.1919
2463,20220224,DR007.IB,2.3
2464,20220225,DR007.IB,1.8
2465,20220228,DR007.IB,2.25
2466,20220301,DR007.IB,1.78
2467,20220302,DR007.IB,2.2
2468,20220303,DR007.IB,1.97
2469,20220304,DR007.IB,2.1
2470,20220307,DR007.IB,1.85
2471,20220308,DR007.IB,1.9
2472,20220309,DR007.IB,2.06
2473,20220310,DR007.IB,2.15
2474,20220311,DR007.IB,2.3
2475,20220314,DR007.IB,2.11
2476,20220315,DR007.IB,2.13
2477,20220316,DR007.IB,2.15
2478,20220317,DR007.IB,2.0
2479,20220318,DR007.IB,2.07
2480,20220321,DR007.IB,2.0
2481,20220322,DR007.IB,2.06
2482,20220323,DR007.IB,2.0
2483,20220324,DR007.IB,2.04
2484,20220325,DR007.IB,1.98
2485,20220328,DR007.IB,1.9
2486,20220329,DR007.IB,2.18
2487,20220330,DR007.IB,2.2
2488,20220331,DR007.IB,2.24
2489,20220401,DR007.IB,1.85
2490,20220406,DR007.IB,1.97
2491,20220407,DR007.IB,1.9
2492,20220408,DR007.IB,1.73
2493,20220411,DR007.IB,1.84
2494,20220412,DR007.IB,1.99
2495,20220413,DR007.IB,1.9
2496,20220414,DR007.IB,1.9
2497,20220415,DR007.IB,1.7
2498,20220418,DR007.IB,1.51
2499,20220419,DR007.IB,1.75
2500,20220420,DR007.IB,1.8
2501,20220421,DR007.IB,1.7
2502,20220422,DR007.IB,1.6
2503,20220425,DR007.IB,1.63
2504,20220426,DR007.IB,1.8
2505,20220427,DR007.IB,1.71
2506,20220428,DR007.IB,1.95
2507,20220429,DR007.IB,2.0
2508,20220505,DR007.IB,1.7
2509,20220506,DR007.IB,1.45
2510,20220509,DR007.IB,1.65
2511,20220510,DR007.IB,1.55
2512,20220511,DR007.IB,1.6
2513,20220512,DR007.IB,1.54
2514,20220513,DR007.IB,1.65
2515,20220516,DR007.IB,1.6
2516,20220517,DR007.IB,1.53
2517,20220518,DR007.IB,1.5
2518,20220519,DR007.IB,1.45
2519,20220520,DR007.IB,1.65
2520,20220523,DR007.IB,1.53
2521,20220524,DR007.IB,1.55
2522,20220525,DR007.IB,1.7
2523,20220526,DR007.IB,1.7
2524,20220527,DR007.IB,1.75
2525,20220530,DR007.IB,1.55
2526,20220531,DR007.IB,1.5
2527,20220601,DR007.IB,1.69
2528,20220602,DR007.IB,1.63
2529,20220606,DR007.IB,1.44
2530,20220607,DR007.IB,1.63
2531,20220608,DR007.IB,1.42
2532,20220609,DR007.IB,1.55
2533,20220610,DR007.IB,1.55
2534,20220613,DR007.IB,1.55
2535,20220614,DR007.IB,1.41
2536,20220615,DR007.IB,1.6
2537,20220616,DR007.IB,1.5
2538,20220617,DR007.IB,1.65
2539,20220620,DR007.IB,1.5
2540,20220621,DR007.IB,1.53
2541,20220622,DR007.IB,1.7
2542,20220623,DR007.IB,1.5
2543,20220624,DR007.IB,1.7978
2544,20220627,DR007.IB,1.5
2545,20220628,DR007.IB,1.96
2546,20220629,DR007.IB,2.3
2547,20220630,DR007.IB,2.29
2548,20220701,DR007.IB,1.68
2549,20220704,DR007.IB,1.52
2550,20220705,DR007.IB,1.4
2551,20220706,DR007.IB,1.25
2552,20220707,DR007.IB,1.56
2553,20220708,DR007.IB,1.55
2554,20220711,DR007.IB,1.22
2555,20220712,DR007.IB,1.26
2556,20220713,DR007.IB,1.5
2557,20220714,DR007.IB,1.17
2558,20220715,DR007.IB,1.56
2559,20220718,DR007.IB,1.55
2560,20220719,DR007.IB,1.27
2561,20220720,DR007.IB,1.27
2562,20220721,DR007.IB,1.4
2563,20220722,DR007.IB,1.2
2564,20220725,DR007.IB,1.2
2565,20220726,DR007.IB,1.65
2566,20220727,DR007.IB,1.55
2567,20220728,DR007.IB,1.55
2568,20220729,DR007.IB,1.6
2569,20220801,DR007.IB,1.2
2570,20220802,DR007.IB,1.35
2571,20220803,DR007.IB,1.31
2572,20220804,DR007.IB,1.3
2573,20220805,DR007.IB,1.3
2574,20220808,DR007.IB,1.18
2575,20220809,DR007.IB,1.35
2576,20220810,DR007.IB,1.07
2577,20220811,DR007.IB,1.3
2578,20220812,DR007.IB,1.35
2579,20220815,DR007.IB,1.3
2580,20220816,DR007.IB,1.4
2581,20220817,DR007.IB,1.6
2582,20220818,DR007.IB,1.42
2583,20220819,DR007.IB,1.3
2584,20220822,DR007.IB,1.38
2585,20220823,DR007.IB,1.4
2586,20220824,DR007.IB,1.4
2587,20220825,DR007.IB,1.54
2588,20220826,DR007.IB,1.7
2589,20220829,DR007.IB,1.6
2590,20220830,DR007.IB,1.66
2591,20220831,DR007.IB,1.75
2592,20220901,DR007.IB,1.43
2593,20220902,DR007.IB,1.25
2594,20220905,DR007.IB,1.3
2595,20220906,DR007.IB,1.3
2596,20220907,DR007.IB,1.45
2597,20220908,DR007.IB,1.4
2598,20220909,DR007.IB,1.5
2599,20220913,DR007.IB,1.42
2600,20220914,DR007.IB,1.35
2601,20220915,DR007.IB,1.5
2602,20220916,DR007.IB,1.51
2603,20220919,DR007.IB,1.7
2604,20220920,DR007.IB,1.66
2605,20220921,DR007.IB,1.5
2606,20220922,DR007.IB,1.46
2607,20220923,DR007.IB,1.57
2608,20220926,DR007.IB,1.42
2609,20220927,DR007.IB,1.4
2610,20220928,DR007.IB,1.28
2611,20220929,DR007.IB,2.12
2612,20220930,DR007.IB,2.1
2613,20221010,DR007.IB,1.45
2614,20221011,DR007.IB,1.25
2615,20221012,DR007.IB,1.6
2616,20221013,DR007.IB,1.4
2617,20221014,DR007.IB,1.45
2618,20221017,DR007.IB,1.14
2619,20221018,DR007.IB,1.6
2620,20221019,DR007.IB,1.28
2621,20221020,DR007.IB,1.55
2622,20221021,DR007.IB,1.65
2623,20221024,DR007.IB,2.3
2624,20221025,DR007.IB,2.05
2625,20221026,DR007.IB,2.12
2626,20221027,DR007.IB,2.02
2627,20221028,DR007.IB,1.97
2628,20221031,DR007.IB,2.0
2629,20221101,DR007.IB,1.3
2630,20221102,DR007.IB,1.71
2631,20221103,DR007.IB,1.6
2632,20221104,DR007.IB,1.65
2633,20221107,DR007.IB,1.74
2634,20221108,DR007.IB,1.9
2635,20221109,DR007.IB,1.81
2636,20221110,DR007.IB,1.89
2637,20221111,DR007.IB,1.7
2638,20221114,DR007.IB,1.85
2639,20221115,DR007.IB,1.94
2640,20221116,DR007.IB,2.06
2641,20221117,DR007.IB,1.86
2642,20221118,DR007.IB,1.72
2643,20221121,DR007.IB,1.3
2644,20221122,DR007.IB,1.65
2645,20221123,DR007.IB,1.64
2646,20221124,DR007.IB,1.55
2647,20221125,DR007.IB,1.7
2648,20221128,DR007.IB,1.84
2649,20221129,DR007.IB,2.0
2650,20221130,DR007.IB,2.3
2651,20221201,DR007.IB,1.7
2652,20221202,DR007.IB,1.8
2653,20221205,DR007.IB,1.07
2654,20221206,DR007.IB,1.6
2655,20221207,DR007.IB,1.65
2656,20221208,DR007.IB,1.66
2657,20221209,DR007.IB,1.4
2658,20221212,DR007.IB,1.58
2659,20221213,DR007.IB,1.7
2660,20221214,DR007.IB,1.3
2661,20221215,DR007.IB,1.49
2662,20221216,DR007.IB,1.75
2663,20221219,DR007.IB,1.7
2664,20221220,DR007.IB,1.75
2665,20221221,DR007.IB,1.7
2666,20221222,DR007.IB,0.7
2667,20221223,DR007.IB,1.2
2668,20221226,DR007.IB,2.0
2669,20221227,DR007.IB,0.6
2670,20221228,DR007.IB,1.0
2671,20221229,DR007.IB,2.7
2672,20221230,DR007.IB,2.9
2673,20230103,DR007.IB,1.5
2674,20230104,DR007.IB,1.42
2675,20230105,DR007.IB,1.2
2676,20230106,DR007.IB,1.6
2677,20230109,DR007.IB,1.7
2678,20230110,DR007.IB,1.2
2679,20230111,DR007.IB,1.45
2680,20230112,DR007.IB,2.0
2681,20230113,DR007.IB,2.0
2682,20230116,DR007.IB,2.5
2683,20230117,DR007.IB,1.95
2684,20230118,DR007.IB,2.5
2685,20230119,DR007.IB,2.55
2686,20230120,DR007.IB,1.95
2687,20230130,DR007.IB,1.95
2688,20230131,DR007.IB,2.15
2689,20230201,DR007.IB,2.05
2690,20230202,DR007.IB,1.75
2691,20230203,DR007.IB,1.82
2692,20230206,DR007.IB,1.95
2693,20230207,DR007.IB,2.5
2694,20230208,DR007.IB,2.2446
2695,20230209,DR007.IB,1.9
2696,20230210,DR007.IB,1.95
2697,20230213,DR007.IB,1.9
2698,20230214,DR007.IB,1.96
2699,20230215,DR007.IB,2.02
2700,20230216,DR007.IB,3.0
2701,20230217,DR007.IB,2.1
2702,20230220,DR007.IB,2.2
2703,20230221,DR007.IB,2.16
2704,20230222,DR007.IB,1.8
2705,20230223,DR007.IB,2.18
2706,20230224,DR007.IB,2.4
2707,20230227,DR007.IB,2.5
2708,20230228,DR007.IB,2.45
2709,20230301,DR007.IB,2.0
2710,20230302,DR007.IB,1.9972
2711,20230303,DR007.IB,1.85
2712,20230306,DR007.IB,1.5
2713,20230307,DR007.IB,1.95
2714,20230308,DR007.IB,1.9
2715,20230309,DR007.IB,1.9
2716,20230310,DR007.IB,1.9
2717,20230313,DR007.IB,1.97
2718,20230314,DR007.IB,2.08
2719,20230315,DR007.IB,2.13
2720,20230316,DR007.IB,2.3
2721,20230317,DR007.IB,2.1
2722,20230320,DR007.IB,2.05
2723,20230321,DR007.IB,2.23
2724,20230322,DR007.IB,1.95
2725,20230323,DR007.IB,1.98
2726,20230324,DR007.IB,1.7
2727,20230327,DR007.IB,2.1
2728,20230328,DR007.IB,2.6
2729,20230329,DR007.IB,2.15
2730,20230330,DR007.IB,2.4
2731,20230331,DR007.IB,2.2
2732,20230403,DR007.IB,1.43
2733,20230404,DR007.IB,1.9
2734,20230406,DR007.IB,1.97
2735,20230407,DR007.IB,2.02
2736,20230410,DR007.IB,2.0
2737,20230411,DR007.IB,1.42
2738,20230412,DR007.IB,1.95
2739,20230413,DR007.IB,2.02
2740,20230414,DR007.IB,2.05
2741,20230417,DR007.IB,2.03
2742,20230418,DR007.IB,2.11
2743,20230419,DR007.IB,2.14
2744,20230420,DR007.IB,2.2
2745,20230421,DR007.IB,2.1
2746,20230424,DR007.IB,2.45
2747,20230425,DR007.IB,2.05
2748,20230426,DR007.IB,1.5
2749,20230427,DR007.IB,2.25
2750,20230428,DR007.IB,1.9
2751,20230504,DR007.IB,1.9
2752,20230505,DR007.IB,1.4
2753,20230508,DR007.IB,1.65
2754,20230509,DR007.IB,1.85
2755,20230510,DR007.IB,1.85
2756,20230511,DR007.IB,1.6
2757,20230512,DR007.IB,1.81
2758,20230515,DR007.IB,1.6
2759,20230516,DR007.IB,1.65
2760,20230517,DR007.IB,1.7
2761,20230518,DR007.IB,1.78
2762,20230519,DR007.IB,1.87
2763,20230522,DR007.IB,1.36
2764,20230523,DR007.IB,1.77
2765,20230524,DR007.IB,1.75
2766,20230525,DR007.IB,1.7
2767,20230526,DR007.IB,2.1
2768,20230529,DR007.IB,1.6
2769,20230530,DR007.IB,2.07
2770,20230531,DR007.IB,2.05
2771,20230601,DR007.IB,1.6
2772,20230602,DR007.IB,1.85
2773,20230605,DR007.IB,1.35
2774,20230606,DR007.IB,1.8
2775,20230607,DR007.IB,1.85
2776,20230608,DR007.IB,1.6
2777,20230609,DR007.IB,2.0
2778,20230612,DR007.IB,1.8
2779,20230613,DR007.IB,1.8
2780,20230614,DR007.IB,1.75
2781,20230615,DR007.IB,1.8
2782,20230616,DR007.IB,1.93
2783,20230619,DR007.IB,2.1
2784,20230620,DR007.IB,2.1
2785,20230621,DR007.IB,1.5
2786,20230626,DR007.IB,2.1
2787,20230627,DR007.IB,1.3
2788,20230628,DR007.IB,1.88
2789,20230629,DR007.IB,1.85
2790,20230630,DR007.IB,1.9
2791,20230703,DR007.IB,1.3
2792,20230704,DR007.IB,1.75
2793,20230705,DR007.IB,1.78
2794,20230706,DR007.IB,1.72
2795,20230707,DR007.IB,1.4
2796,20230710,DR007.IB,1.7
2797,20230711,DR007.IB,1.6
2798,20230712,DR007.IB,1.75
2799,20230713,DR007.IB,1.8
2800,20230714,DR007.IB,1.82
2801,20230717,DR007.IB,1.87
2802,20230718,DR007.IB,1.7
2803,20230719,DR007.IB,1.75
2804,20230720,DR007.IB,1.55
2805,20230721,DR007.IB,1.75
2806,20230724,DR007.IB,1.7
2807,20230725,DR007.IB,1.65
2808,20230726,DR007.IB,1.65
2809,20230727,DR007.IB,1.6
2810,20230728,DR007.IB,1.3
2811,20230731,DR007.IB,2.05
2812,20230801,DR007.IB,1.4
2813,20230802,DR007.IB,1.73
2814,20230803,DR007.IB,1.6
2815,20230804,DR007.IB,1.7
2816,20230807,DR007.IB,1.85
2817,20230808,DR007.IB,1.62
2818,20230809,DR007.IB,1.75
2819,20230810,DR007.IB,1.73
2820,20230811,DR007.IB,1.7
2821,20230814,DR007.IB,1.8
2822,20230815,DR007.IB,1.75
2823,20230816,DR007.IB,1.9
2824,20230817,DR007.IB,1.85
2825,20230818,DR007.IB,1.93
2826,20230821,DR007.IB,1.9
2827,20230822,DR007.IB,1.83
2828,20230823,DR007.IB,1.8
2829,20230824,DR007.IB,1.77
2830,20230825,DR007.IB,1.83
2831,20230828,DR007.IB,2.05
2832,20230829,DR007.IB,2.3
2833,20230830,DR007.IB,2.3
2834,20230831,DR007.IB,2.6
2835,20230901,DR007.IB,1.5
2836,20230904,DR007.IB,1.8
2837,20230905,DR007.IB,1.8
2838,20230906,DR007.IB,1.94
2839,20230907,DR007.IB,1.95
2840,20230908,DR007.IB,1.9
2841,20230911,DR007.IB,1.95
2842,20230912,DR007.IB,1.85
2843,20230913,DR007.IB,1.9
2844,20230914,DR007.IB,1.98
2845,20230915,DR007.IB,1.95
2846,20230918,DR007.IB,1.96
2847,20230919,DR007.IB,1.98
2848,20230920,DR007.IB,2.05
2849,20230921,DR007.IB,2.1
2850,20230922,DR007.IB,1.9
2851,20230925,DR007.IB,2.0
2852,20230926,DR007.IB,2.2
2853,20230927,DR007.IB,1.95
2854,20230928,DR007.IB,2.5
2855,20231009,DR007.IB,1.8
2856,20231010,DR007.IB,1.86
2857,20231011,DR007.IB,1.8
2858,20231012,DR007.IB,1.95
2859,20231013,DR007.IB,1.88
2860,20231016,DR007.IB,1.8
2861,20231017,DR007.IB,1.87
2862,20231018,DR007.IB,1.85
2863,20231019,DR007.IB,2.8
2864,20231020,DR007.IB,2.31
2865,20231023,DR007.IB,2.5
2866,20231024,DR007.IB,2.1
2867,20231025,DR007.IB,2.07
2868,20231026,DR007.IB,2.08
2869,20231027,DR007.IB,2.1
2870,20231030,DR007.IB,2.15
2871,20231031,DR007.IB,2.8
2872,20231101,DR007.IB,1.8
2873,20231102,DR007.IB,1.83
2874,20231103,DR007.IB,1.9
2875,20231106,DR007.IB,1.7
2876,20231107,DR007.IB,1.85
2877,20231108,DR007.IB,1.9
2878,20231109,DR007.IB,1.83
2879,20231110,DR007.IB,1.85
2880,20231113,DR007.IB,1.88
2881,20231114,DR007.IB,2.04
2882,20231115,DR007.IB,1.95
2883,20231116,DR007.IB,2.05
2884,20231117,DR007.IB,2.0
2885,20231120,DR007.IB,1.93
2886,20231121,DR007.IB,1.95
2887,20231122,DR007.IB,2.04
2888,20231123,DR007.IB,2.05
2889,20231124,DR007.IB,2.6
2890,20231127,DR007.IB,2.79
2891,20231128,DR007.IB,2.1
2892,20231129,DR007.IB,2.16
2893,20231130,DR007.IB,1.8
2894,20231201,DR007.IB,1.8
2895,20231204,DR007.IB,1.78
2896,20231205,DR007.IB,1.84
2897,20231206,DR007.IB,1.9
2898,20231207,DR007.IB,1.8239
2899,20231208,DR007.IB,1.95
2900,20231211,DR007.IB,1.9
2901,20231212,DR007.IB,1.89
2902,20231213,DR007.IB,1.75
2903,20231214,DR007.IB,1.9
2904,20231215,DR007.IB,2.2
2905,20231218,DR007.IB,1.7
2906,20231219,DR007.IB,1.7
2907,20231220,DR007.IB,1.9
2908,20231221,DR007.IB,2.0
2909,20231222,DR007.IB,1.4
2910,20231225,DR007.IB,1.6
2911,20231226,DR007.IB,1.86
2912,20231227,DR007.IB,3.0
2913,20231228,DR007.IB,2.8
2914,20231229,DR007.IB,1.66
2915,20240102,DR007.IB,1.8
2916,20240103,DR007.IB,1.63
2917,20240104,DR007.IB,1.75
2918,20240105,DR007.IB,1.75
2919,20240108,DR007.IB,1.85
2920,20240109,DR007.IB,1.7
2921,20240110,DR007.IB,1.82
2922,20240111,DR007.IB,1.85
2923,20240112,DR007.IB,1.6
2924,20240115,DR007.IB,1.89
2925,20240116,DR007.IB,2.25
2926,20240117,DR007.IB,1.85
2927,20240118,DR007.IB,1.9
2928,20240119,DR007.IB,1.87
2929,20240122,DR007.IB,1.89
2930,20240123,DR007.IB,1.86
2931,20240124,DR007.IB,2.0
2932,20240125,DR007.IB,2.1
2933,20240126,DR007.IB,2.0
2934,20240129,DR007.IB,2.1
2935,20240130,DR007.IB,2.0
2936,20240131,DR007.IB,1.7
2937,20240201,DR007.IB,1.84
2938,20240202,DR007.IB,1.8
2939,20240205,DR007.IB,2.05
2940,20240206,DR007.IB,2.35
2941,20240207,DR007.IB,2.15
2942,20240208,DR007.IB,1.9
2943,20240219,DR007.IB,1.75
2944,20240220,DR007.IB,1.95
2945,20240221,DR007.IB,1.86
2946,20240222,DR007.IB,1.84
2947,20240223,DR007.IB,1.9
2948,20240226,DR007.IB,1.9
2949,20240227,DR007.IB,1.69
2950,20240228,DR007.IB,1.7
2951,20240229,DR007.IB,1.7
2952,20240301,DR007.IB,1.9
2953,20240304,DR007.IB,1.82
2954,20240305,DR007.IB,1.88
2955,20240306,DR007.IB,1.8
2956,20240307,DR007.IB,1.84
2957,20240308,DR007.IB,1.84
2958,20240311,DR007.IB,1.85
2959,20240312,DR007.IB,1.85
2960,20240313,DR007.IB,1.9
2961,20240314,DR007.IB,1.9
2962,20240315,DR007.IB,1.9
2963,20240318,DR007.IB,1.85
2964,20240319,DR007.IB,1.89
2965,20240320,DR007.IB,1.9
2966,20240321,DR007.IB,1.88
2967,20240322,DR007.IB,1.87
2968,20240325,DR007.IB,1.89
2969,20240326,DR007.IB,1.98
2970,20240327,DR007.IB,1.8
2971,20240328,DR007.IB,1.97
2972,20240329,DR007.IB,2.02
2973,20240401,DR007.IB,1.87
2974,20240402,DR007.IB,1.9
2975,20240403,DR007.IB,1.8
2976,20240408,DR007.IB,1.8
2977,20240409,DR007.IB,1.65
2978,20240410,DR007.IB,1.85
2979,20240411,DR007.IB,1.8
2980,20240412,DR007.IB,1.83
2981,20240415,DR007.IB,1.75
2982,20240416,DR007.IB,1.81
2983,20240417,DR007.IB,1.85
2984,20240418,DR007.IB,1.86
2985,20240419,DR007.IB,1.95
2986,20240422,DR007.IB,1.85
2987,20240423,DR007.IB,1.85
2988,20240424,DR007.IB,1.87
2989,20240425,DR007.IB,1.95
2990,20240426,DR007.IB,1.75
2991,20240429,DR007.IB,2.2
2992,20240430,DR007.IB,1.9
2993,20240506,DR007.IB,1.88
2994,20240507,DR007.IB,1.87
2995,20240508,DR007.IB,1.9
2996,20240509,DR007.IB,1.88
2997,20240510,DR007.IB,1.83
2998,20240513,DR007.IB,1.85
2999,20240514,DR007.IB,1.8
3000,20240515,DR007.IB,1.82
3001,20240516,DR007.IB,1.82
3002,20240517,DR007.IB,1.81
3003,20240520,DR007.IB,1.81
3004,20240521,DR007.IB,1.88
3005,20240522,DR007.IB,1.6
3006,20240523,DR007.IB,1.81
3007,20240524,DR007.IB,1.8
3008,20240527,DR007.IB,1.9
3009,20240528,DR007.IB,1.95
3010,20240529,DR007.IB,1.95
3011,20240530,DR007.IB,1.9177
3012,20240531,DR007.IB,1.87
3013,20240603,DR007.IB,1.85
3014,20240604,DR007.IB,1.75
3015,20240605,DR007.IB,1.8
3016,20240606,DR007.IB,1.83
3017,20240607,DR007.IB,1.81
3018,20240611,DR007.IB,1.6
3019,20240612,DR007.IB,1.78
3020,20240613,DR007.IB,1.82
3021,20240614,DR007.IB,1.87
3022,20240617,DR007.IB,1.88
3023,20240618,DR007.IB,1.85
3024,20240619,DR007.IB,1.88
3025,20240620,DR007.IB,1.92
3026,20240621,DR007.IB,1.85
3027,20240624,DR007.IB,2.2
3028,20240625,DR007.IB,2.07
3029,20240626,DR007.IB,1.97
3030,20240627,DR007.IB,2.18
3031,20240628,DR007.IB,2.17
3032,20240701,DR007.IB,1.75
3033,20240702,DR007.IB,1.8
3034,20240703,DR007.IB,1.75
3035,20240704,DR007.IB,1.78
3036,20240705,DR007.IB,1.78
3037,20240708,DR007.IB,1.76
3038,20240709,DR007.IB,1.7
3039,20240710,DR007.IB,1.7
3040,20240711,DR007.IB,1.7
3041,20240712,DR007.IB,1.9
3042,20240715,DR007.IB,1.85
3043,20240716,DR007.IB,1.91
3044,20240717,DR007.IB,1.88
3045,20240718,DR007.IB,1.87
3046,20240719,DR007.IB,1.8
3047,20240722,DR007.IB,1.75
3048,20240723,DR007.IB,1.78
3049,20240724,DR007.IB,1.75
3050,20240725,DR007.IB,1.9
3051,20240726,DR007.IB,1.93
3052,20240729,DR007.IB,1.92
3053,20240730,DR007.IB,1.75
3054,20240731,DR007.IB,1.8
3055,20240801,DR007.IB,1.71
3056,20240802,DR007.IB,1.7
3057,20240805,DR007.IB,1.6
3058,20240806,DR007.IB,1.72
3059,20240807,DR007.IB,1.76
3060,20240808,DR007.IB,1.76
